42,愛する,アイスル,3.中級前半,動詞3類,動詞-一般,混種語
69,会う,アウ,1.初級前半,動詞1類,動詞-一般,和語
70,合う,アウ,2.初級後半,動詞1類,動詞-非自立可能,和語
71,遭う,アウ,3.中級前半,動詞1類,動詞-一般,和語
72,合う,アウ,3.中級前半,動詞1類,動詞-一般,和語
75,喘ぐ,アエグ,6.上級後半,動詞1類,動詞-一般,和語
78,和える,アエル,6.上級後半,動詞2類,動詞-一般,和語
84,仰ぐ,アオグ,5.上級前半,動詞1類,動詞-一般,和語
89,あおる,アオル,6.上級後半,動詞1類,動詞-一般,和語
95,あがく,アガク,6.上級後半,動詞1類,動詞-一般,和語
101,明かす,アカス,5.上級前半,動詞1類,動詞-一般,和語
112,上がり込む,アガリコム,5.上級前半,動詞1類,動詞-一般,和語
113,上がる,アガル,2.初級後半,動詞1類,動詞-一般,和語
114,挙がる,アガル,5.上級前半,動詞1類,動詞-一般,和語
128,あきらめる,アキラメル,4.中級後半,動詞2類,動詞-一般,和語
129,飽きる,アキル,4.中級後半,動詞2類,動詞-一般,和語
130,あきれる,アキレル,4.中級後半,動詞2類,動詞-一般,和語
135,開く,アク,2.初級後半,動詞1類,動詞-一般,和語
133,空く,アク,4.中級後半,動詞1類,動詞-一般,和語
136,明く,アク,4.中級後半,動詞1類,動詞-一般,和語
176,明け暮れる,アケクレル,5.上級前半,動詞2類,動詞-一般,和語
180,開ける,アケル,1.初級前半,動詞2類,動詞-一般,和語
181,明ける,アケル,3.中級前半,動詞2類,動詞-一般,和語
182,空ける,アケル,3.中級前半,動詞2類,動詞-一般,和語
183,上げる,アゲル,2.初級後半,動詞2類,動詞-非自立可能,和語
184,挙げる,アゲル,3.中級前半,動詞2類,動詞-一般,和語
185,揚げる,アゲル,3.中級前半,動詞2類,動詞-一般,和語
189,憧れる,アコガレル,4.中級後半,動詞2類,動詞-一般,和語
208,欺く,アザムク,6.上級後半,動詞1類,動詞-一般,和語
213,あさる,アサル,6.上級後半,動詞1類,動詞-一般,和語
237,あしらう,アシラウ,6.上級後半,動詞1類,動詞-一般,和語
239,味わう,アジワウ,4.中級後半,動詞1類,動詞-一般,和語
241,預かる,アズカル,3.中級前半,動詞1類,動詞-一般,和語
243,預ける,アズケル,3.中級前半,動詞2類,動詞-一般,和語
248,焦る,アセル,5.上級前半,動詞1類,動詞-一般,和語
249,あせる,アセル,6.上級後半,動詞2類,動詞-一般,和語
253,遊ぶ,アソブ,1.初級前半,動詞1類,動詞-一般,和語
256,与える,アタエル,4.中級後半,動詞2類,動詞-一般,和語
262,温まる,アタタマル,3.中級前半,動詞1類,動詞-一般,和語
263,温める,アタタメル,3.中級前半,動詞2類,動詞-一般,和語
278,当たる,アタル,3.中級前半,動詞1類,動詞-一般,和語
293,扱う,アツカウ,4.中級後半,動詞1類,動詞-一般,和語
310,集まる,アツマル,2.初級後半,動詞1類,動詞-一般,和語
312,集める,アツメル,3.中級前半,動詞2類,動詞-一般,和語
20010,当てはまる,アテハマル,5.上級前半,動詞1類,動詞-一般,和語
319,当てる,アテル,3.中級前半,動詞2類,動詞-一般,和語
359,暴く,アバク,6.上級後半,動詞1類,動詞-一般,和語
360,暴れる,アバレル,4.中級後半,動詞2類,動詞-一般,和語
363,浴びせる,アビセル,5.上級前半,動詞2類,動詞-一般,和語
365,浴びる,アビル,2.初級後半,動詞2類,動詞-一般,和語
378,炙る,アブル,6.上級後半,動詞1類,動詞-一般,和語
379,溢れる,アフレル,4.中級後半,動詞2類,動詞-一般,和語
388,甘える,アマエル,4.中級後半,動詞2類,動詞-一般,和語
401,甘やかす,アマヤカス,4.中級後半,動詞1類,動詞-一般,和語
406,余る,アマル,3.中級前半,動詞1類,動詞-一般,和語
407,甘んずる,アマンズル,6.上級後半,動詞3類,動詞-一般,和語
409,編み出す,アミダス,6.上級後半,動詞1類,動詞-一般,和語
415,編む,アム,4.中級後半,動詞1類,動詞-一般,和語
425,怪しむ,アヤシム,4.中級後半,動詞1類,動詞-一般,和語
426,あやす,アヤス,6.上級後半,動詞1類,動詞-一般,和語
427,操る,アヤツル,5.上級前半,動詞1類,動詞-一般,和語
428,危ぶむ,アヤブム,5.上級前半,動詞1類,動詞-一般,和語
432,謝る,アヤマル,3.中級前半,動詞1類,動詞-一般,和語
433,誤る,アヤマル,4.中級後半,動詞1類,動詞-一般,和語
437,歩み寄る,アユミヨル,5.上級前半,動詞1類,動詞-一般,和語
438,歩む,アユム,5.上級前半,動詞1類,動詞-一般,和語
446,洗い流す,アライナガス,4.中級後半,動詞1類,動詞-一般,和語
449,洗う,アラウ,2.初級後半,動詞1類,動詞-一般,和語
452,荒らす,アラス,5.上級前半,動詞1類,動詞-一般,和語
455,争う,アラソウ,4.中級後半,動詞1類,動詞-一般,和語
457,改まる,アラタマル,6.上級後半,動詞1類,動詞-一般,和語
460,改める,アラタメル,4.中級後半,動詞2類,動詞-一般,和語
20014,表す,アラワス,5.上級前半,動詞1類,動詞-一般,和語
20015,表れる,アラワレル,5.上級前半,動詞2類,動詞-一般,和語
478,歩く,アリク,3.中級前半,動詞1類,動詞-一般,和語
481,有り触れる,アリフレル,5.上級前半,動詞2類,動詞-一般,和語
482,ある,アル,1.初級前半,動詞1類,動詞-一般,和語
493,歩き回る,アルキマワル,4.中級後半,動詞1類,動詞-一般,和語
494,歩く,アルク,1.初級前半,動詞1類,動詞-一般,和語
510,荒れ狂う,アレクルウ,6.上級後半,動詞1類,動詞-一般,和語
514,荒れる,アレル,5.上級前半,動詞2類,動詞-一般,和語
521,合わさる,アワサル,5.上級前半,動詞1類,動詞-一般,和語
522,合わす,アワス,5.上級前半,動詞1類,動詞-一般,和語
525,合わせる,アワセル,3.中級前半,動詞2類,動詞-一般,和語
527,泡立つ,アワダツ,5.上級前半,動詞1類,動詞-一般,和語
528,泡立てる,アワダテル,5.上級前半,動詞2類,動詞-一般,和語
529,慌てふためく,アワテフタメク,6.上級後半,動詞1類,動詞-一般,和語
530,慌てる,アワテル,4.中級後半,動詞2類,動詞-一般,和語
533,哀れむ,アワレム,6.上級後半,動詞1類,動詞-一般,和語
20016,案じる,アンジル,6.上級後半,動詞2類,動詞-一般,混種語
555,案ずる,アンズル,5.上級前半,動詞3類,動詞-一般,混種語
594,居合わせる,イアワセル,6.上級後半,動詞2類,動詞-一般,和語
597,言い合う,イイアウ,4.中級後半,動詞1類,動詞-一般,和語
598,言い当てる,イイアテル,5.上級前半,動詞2類,動詞-一般,和語
599,言い表わす,イイアラワス,4.中級後半,動詞1類,動詞-一般,和語
601,言い返す,イイカエス,4.中級後半,動詞1類,動詞-一般,和語
602,言い替える,イイカエル,4.中級後半,動詞2類,動詞-一般,和語
603,言い聞かせる,イイキカセル,4.中級後半,動詞2類,動詞-一般,和語
604,言い切る,イイキル,4.中級後半,動詞1類,動詞-一般,和語
20017,言い出す,イイダス,5.上級前半,動詞1類,動詞-一般 and 動詞-非自立可能,和語
20018,言い付ける,イイツケル,5.上級前半,動詞2類,動詞-一般,和語
608,言い伝える,イイツタエル,5.上級前半,動詞2類,動詞-一般,和語
609,言い張る,イイハル,5.上級前半,動詞1類,動詞-一般,和語
613,言い渡す,イイワタス,5.上級前半,動詞1類,動詞-一般,和語
617,言う,イウ,1.初級前半,動詞1類,動詞-一般,和語
642,生かす,イカス,4.中級後半,動詞1類,動詞-一般,和語
653,いかれる,イカレル,6.上級後半,動詞2類,動詞-一般,和語
671,生き返る,イキカエル,4.中級後半,動詞1類,動詞-一般,和語
677,行き着く,イキツク,4.中級後半,動詞1類,動詞-一般,和語
679,行き詰まる,イキヅマル,5.上級前半,動詞1類,動詞-一般,和語
681,行き届く,イキトドク,6.上級後半,動詞1類,動詞-一般,和語
685,生き残る,イキノコル,5.上級前半,動詞1類,動詞-一般,和語
686,生き延びる,イキノビル,5.上級前半,動詞2類,動詞-一般,和語
689,生きる,イキル,2.初級後半,動詞2類,動詞-一般,和語
690,行く,イク,1.初級前半,動詞1類,動詞-非自立可能,和語
712,生ける,イケル,4.中級後半,動詞2類,動詞-一般,和語
749,いじめる,イジメル,4.中級後半,動詞2類,動詞-一般,和語
765,弄る,イジル,5.上級前半,動詞1類,動詞-一般,和語
781,居座る,イスワル,6.上級後半,動詞1類,動詞-一般,和語
792,急ぐ,イソグ,3.中級前半,動詞1類,動詞-一般,和語
801,抱く,イダク,4.中級後半,動詞1類,動詞-一般,和語
802,致す,イタス,4.中級後半,動詞1類,動詞-非自立可能,和語
807,頂く,イタダク,4.中級後半,動詞1類,動詞-非自立可能,和語
818,痛む,イタム,4.中級後半,動詞1類,動詞-一般,和語
817,傷む,イタム,5.上級前半,動詞1類,動詞-一般,和語
820,炒める,イタメル,3.中級前半,動詞2類,動詞-一般,和語
819,痛める,イタメル,4.中級後半,動詞2類,動詞-一般,和語
823,至る,イタル,4.中級後半,動詞1類,動詞-一般,和語
961,逸する,イッスル,6.上級後半,動詞3類,動詞-一般,混種語
1007,偽る,イツワル,5.上級前半,動詞1類,動詞-一般,和語
1017,いとう,イトウ,6.上級後半,動詞1類,動詞-一般,和語
1025,営む,イトナム,5.上級前半,動詞1類,動詞-一般,和語
1027,挑む,イドム,5.上級前半,動詞1類,動詞-一般,和語
1046,祈る,イノル,3.中級前半,動詞1類,動詞-一般,和語
1047,威張る,イバル,5.上級前半,動詞1類,動詞-一般,混種語
1050,いびる,イビル,6.上級後半,動詞1類,動詞-一般,和語
1068,戒める,イマシメル,6.上級後半,動詞2類,動詞-一般,和語
1095,癒す,イヤス,5.上級前半,動詞1類,動詞-一般,和語
1111,いらだつ,イラダツ,5.上級前半,動詞1類,動詞-一般,和語
1112,いらっしゃる,イラッシャル,2.初級後半,動詞1類,動詞-非自立可能,和語
1118,入り交じる,イリマジル,6.上級後半,動詞1類,動詞-一般,和語
1122,いる,イル,1.初級前半,動詞2類,動詞-非自立可能,和語
1123,要る,イル,2.初級後半,動詞1類,動詞-一般,和語
1127,入る,イル,3.中級前半,動詞1類,動詞-一般,和語
1126,射る,イル,5.上級前半,動詞2類,動詞-一般,和語
1124,炒る,イル,6.上級後半,動詞1類,動詞-一般,和語
1136,入れ替える,イレカエル,4.中級後半,動詞2類,動詞-一般,和語
1138,入れ代わる,イレカワル,5.上級前半,動詞1類,動詞-一般,和語
1139,入れ込む,イレコム,6.上級後半,動詞1類,動詞-一般,和語
1140,入れ違う,イレチガウ,6.上級後半,動詞1類,動詞-一般,和語
1143,入れる,イレル,2.初級後半,動詞2類,動詞-一般,和語
1155,彩る,イロドル,6.上級後半,動詞1類,動詞-一般,和語
1167,祝う,イワウ,3.中級前半,動詞1類,動詞-一般,和語
1265,植え付ける,ウエツケル,5.上級前半,動詞2類,動詞-一般,和語
1271,植える,ウエル,3.中級前半,動詞2類,動詞-一般,和語
1272,飢える,ウエル,5.上級前半,動詞2類,動詞-一般,和語
1282,伺う,ウカガウ,3.中級前半,動詞1類,動詞-一般,和語
1284,うかがう,ウカガウ,5.上級前半,動詞1類,動詞-一般,和語
1285,浮かび上がる,ウカビアガル,5.上級前半,動詞1類,動詞-一般,和語
1286,浮かぶ,ウカブ,4.中級後半,動詞1類,動詞-一般,和語
1287,浮かべる,ウカベル,4.中級後半,動詞2類,動詞-一般,和語
1288,受かる,ウカル,3.中級前半,動詞1類,動詞-一般,和語
1291,浮き上がる,ウキアガル,4.中級後半,動詞1類,動詞-一般,和語
1294,浮く,ウク,4.中級後半,動詞1類,動詞-一般,和語
1298,受け入れる,ウケイレル,4.中級後半,動詞2類,動詞-一般,和語
1300,請け負う,ウケオウ,6.上級後半,動詞1類,動詞-一般,和語
1303,承る,ウケタマワル,4.中級後半,動詞1類,動詞-一般,和語
1304,受け継ぐ,ウケツグ,4.中級後半,動詞1類,動詞-一般,和語
1306,受け付ける,ウケツケル,4.中級後半,動詞2類,動詞-一般,和語
1307,受け止める,ウケトメル,4.中級後半,動詞2類,動詞-一般,和語
1309,受け取る,ウケトル,4.中級後半,動詞1類,動詞-一般,和語
1311,受け持つ,ウケモツ,4.中級後半,動詞1類,動詞-一般,和語
1312,受ける,ウケル,3.中級前半,動詞2類,動詞-一般,和語
1314,動かす,ウゴカス,3.中級前半,動詞1類,動詞-一般,和語
1316,動き回る,ウゴキマワル,4.中級後半,動詞1類,動詞-一般,和語
1317,動く,ウゴク,3.中級前半,動詞1類,動詞-一般,和語
1322,失う,ウシナウ,4.中級後半,動詞1類,動詞-一般,和語
1343,薄める,ウスメル,4.中級後半,動詞2類,動詞-一般,和語
1344,うずめる,ウズメル,5.上級前半,動詞2類,動詞-一般,和語
1345,うずもれる,ウズモレル,5.上級前半,動詞2類,動詞-一般,和語
1348,薄らぐ,ウスラグ,6.上級後半,動詞1類,動詞-一般,和語
1349,薄れる,ウスレル,5.上級前半,動詞2類,動詞-一般,和語
1354,歌う,ウタウ,1.初級前半,動詞1類,動詞-一般,和語
1357,疑う,ウタガウ,4.中級後半,動詞1類,動詞-一般,和語
1365,打ち明ける,ウチアケル,4.中級後半,動詞2類,動詞-一般,和語
1366,打ち上げる,ウチアゲル,4.中級後半,動詞2類,動詞-一般,和語
1368,打ち勝つ,ウチカツ,5.上級前半,動詞1類,動詞-一般,和語
1373,打ち切る,ウチキル,5.上級前半,動詞1類,動詞-一般,和語
1375,打ち消す,ウチケス,5.上級前半,動詞1類,動詞-一般,和語
1376,打ち込む,ウチコム,5.上級前半,動詞1類,動詞-一般,和語
1377,打ち出す,ウチダス,5.上級前半,動詞1類,動詞-一般,和語
1378,打ち立てる,ウチタテル,5.上級前半,動詞2類,動詞-一般,和語
1379,打ち解ける,ウチトケル,5.上級前半,動詞2類,動詞-一般,和語
1381,打ち破る,ウチヤブル,5.上級前半,動詞1類,動詞-一般,和語
1393,打つ,ウツ,3.中級前半,動詞1類,動詞-一般,和語
1397,映し出す,ウツシダス,4.中級後半,動詞1類,動詞-一般,和語
1398,移す,ウツス,3.中級前半,動詞1類,動詞-一般,和語
1399,写す,ウツス,3.中級前半,動詞1類,動詞-一般,和語
1400,映す,ウツス,4.中級後半,動詞1類,動詞-一般,和語
1403,訴える,ウッタエル,4.中級後半,動詞2類,動詞-一般,和語
1411,移り変わる,ウツリカワル,4.中級後半,動詞1類,動詞-一般,和語
1412,移る,ウツル,3.中級前半,動詞1類,動詞-一般,和語
1413,映る,ウツル,4.中級後半,動詞1類,動詞-一般,和語
1414,写る,ウツル,4.中級後半,動詞1類,動詞-一般,和語
1425,促す,ウナガス,5.上級前半,動詞1類,動詞-一般,和語
1427,うなずく,ウナズク,4.中級後半,動詞1類,動詞-一般,和語
1429,奪い取る,ウバイトル,4.中級後半,動詞1類,動詞-一般,和語
1430,奪う,ウバウ,4.中級後半,動詞1類,動詞-一般,和語
1436,埋まる,ウマル,4.中級後半,動詞1類,動詞-一般,和語
1438,生まれ変わる,ウマレカワル,4.中級後半,動詞1類,動詞-一般,和語
1439,生まれる,ウマレル,2.初級後半,動詞2類,動詞-一般,和語
1441,生み出す,ウミダス,4.中級後半,動詞1類,動詞-一般,和語
1443,生む,ウム,3.中級前半,動詞1類,動詞-一般,和語
1447,埋め込む,ウメコム,5.上級前半,動詞1類,動詞-一般,和語
1450,埋め立てる,ウメタテル,4.中級後半,動詞2類,動詞-一般,和語
1452,埋める,ウメル,4.中級後半,動詞2類,動詞-一般,和語
1454,埋もれる,ウモレル,5.上級前半,動詞2類,動詞-一般,和語
20021,敬う,ウヤマウ,5.上級前半,動詞1類,動詞-一般,和語
1459,裏返す,ウラガエス,4.中級後半,動詞1類,動詞-一般,和語
1463,裏切る,ウラギル,4.中級後半,動詞1類,動詞-一般,和語
1465,裏付ける,ウラヅケル,5.上級前半,動詞2類,動詞-一般,和語
1468,占う,ウラナウ,4.中級後半,動詞1類,動詞-一般,和語
1472,恨む,ウラム,4.中級後半,動詞1類,動詞-一般,和語
1482,売り切れる,ウリキレル,3.中級前半,動詞2類,動詞-一般,和語
1484,売り込む,ウリコム,4.中級後半,動詞1類,動詞-一般,和語
1485,売りさばく,ウリサバク,6.上級後半,動詞1類,動詞-一般,和語
1487,売り出す,ウリダス,4.中級後半,動詞1類,動詞-一般,和語
1491,売り払う,ウリハラウ,5.上級前半,動詞1類,動詞-一般,和語
1493,売る,ウル,2.初級後半,動詞1類,動詞-一般,和語
1495,潤う,ウルオウ,5.上級前半,動詞1類,動詞-一般,和語
1505,売れ残る,ウレノコル,4.中級後半,動詞1類,動詞-一般,和語
1507,熟れる,ウレル,6.上級後半,動詞2類,動詞-一般,和語
1517,上回る,ウワマワル,4.中級後半,動詞1類,動詞-一般,和語
1518,上向く,ウワムク,5.上級前半,動詞1類,動詞-一般,和語
1604,描く,エガク,4.中級後半,動詞1類,動詞-一般,和語
1623,えぐる,エグル,6.上級後半,動詞1類,動詞-一般,和語
1700,選ぶ,エラブ,2.初級後半,動詞1類,動詞-一般,和語
1707,得る,エル,4.中級後半,動詞2類,動詞-非自立可能,和語
1762,演ずる,エンズル,5.上級前半,動詞3類,動詞-一般,混種語
1802,追い上げる,オイアゲル,4.中級後半,動詞2類,動詞-一般,和語
1805,追い返す,オイカエス,5.上級前半,動詞1類,動詞-一般,和語
1806,追い掛ける,オイカケル,4.中級後半,動詞2類,動詞-一般,和語
1808,追い越す,オイコス,4.中級後半,動詞1類,動詞-一般,和語
1809,追い込む,オイコム,5.上級前半,動詞1類,動詞-一般,和語
1812,生い茂る,オイシゲル,5.上級前半,動詞1類,動詞-一般,和語
1813,追い出す,オイダス,4.中級後半,動詞1類,動詞-一般,和語
1815,追い立てる,オイタテル,5.上級前半,動詞2類,動詞-一般,和語
1816,追い付く,オイツク,4.中級後半,動詞1類,動詞-一般,和語
1818,追い詰める,オイツメル,5.上級前半,動詞2類,動詞-一般,和語
1820,追い抜く,オイヌク,4.中級後半,動詞1類,動詞-一般,和語
1821,追い払う,オイハラウ,5.上級前半,動詞1類,動詞-一般,和語
1822,追い回す,オイマワス,5.上級前半,動詞1類,動詞-一般,和語
1823,追い求める,オイモトメル,4.中級後半,動詞2類,動詞-一般,和語
1826,老いる,オイル,4.中級後半,動詞2類,動詞-一般,和語
1829,追う,オウ,4.中級後半,動詞1類,動詞-一般,和語
1833,負う,オウ,4.中級後半,動詞1類,動詞-一般,和語
20027,応じる,オウジル,5.上級前半,動詞2類,動詞-一般,混種語
1849,応ずる,オウズル,4.中級後半,動詞3類,動詞-一般,混種語
1874,終える,オエル,3.中級前半,動詞2類,動詞-非自立可能,和語
1886,覆う,オオウ,4.中級後半,動詞1類,動詞-一般,和語
1974,犯す,オカス,4.中級後半,動詞1類,動詞-一般,和語
1973,冒す,オカス,5.上級前半,動詞1類,動詞-一般,和語
1975,侵す,オカス,5.上級前半,動詞1類,動詞-一般,和語
1981,拝む,オガム,5.上級前半,動詞1類,動詞-一般,和語
1989,起き上がる,オキアガル,4.中級後半,動詞1類,動詞-一般,和語
1990,置き換える,オキカエル,4.中級後半,動詞2類,動詞-一般,和語
1993,補う,オギナウ,4.中級後半,動詞1類,動詞-一般,和語
1996,起きる,オキル,1.初級前半,動詞2類,動詞-一般,和語
1997,置く,オク,2.初級後半,動詞1類,動詞-非自立可能,和語
2013,遅らせる,オクラセル,4.中級後半,動詞2類,動詞-一般,和語
2015,送り返す,オクリカエス,4.中級後半,動詞1類,動詞-一般,和語
2016,送り込む,オクリコム,4.中級後半,動詞1類,動詞-一般,和語
2017,送り出す,オクリダス,4.中級後半,動詞1類,動詞-一般,和語
2018,送り届ける,オクリトドケル,4.中級後半,動詞2類,動詞-一般,和語
2022,送る,オクル,2.初級後半,動詞1類,動詞-一般,和語
2023,贈る,オクル,3.中級前半,動詞1類,動詞-一般,和語
2025,遅れる,オクレル,2.初級後半,動詞2類,動詞-非自立可能,和語
2029,起こす,オコス,3.中級前半,動詞1類,動詞-一般,和語
2030,怠る,オコタル,5.上級前半,動詞1類,動詞-一般,和語
2032,行う,オコナウ,3.中級前半,動詞1類,動詞-一般,和語
2035,起こる,オコル,3.中級前半,動詞1類,動詞-一般,和語
2036,怒る,オコル,3.中級前半,動詞1類,動詞-一般,和語
2037,おごる,オゴル,6.上級後半,動詞1類,動詞-一般,和語
2039,押さえる,オサエル,3.中級前半,動詞2類,動詞-一般,和語
2040,抑える,オサエル,4.中級後半,動詞2類,動詞-一般,和語
2043,納まる,オサマル,5.上級前半,動詞1類,動詞-一般,和語
2044,収まる,オサマル,5.上級前半,動詞1類,動詞-一般,和語
2045,治まる,オサマル,5.上級前半,動詞1類,動詞-一般,和語
2047,収める,オサメル,4.中級後半,動詞2類,動詞-一般,和語
2048,納める,オサメル,5.上級前半,動詞2類,動詞-一般,和語
2049,治める,オサメル,5.上級前半,動詞2類,動詞-一般,和語
2052,押し合う,オシアウ,4.中級後半,動詞1類,動詞-一般,和語
2061,教え込む,オシエコム,5.上級前半,動詞1類,動詞-一般,和語
2062,教える,オシエル,1.初級前半,動詞2類,動詞-一般,和語
2063,押し掛ける,オシカケル,5.上級前半,動詞2類,動詞-一般,和語
2065,押し切る,オシキル,5.上級前半,動詞1類,動詞-一般,和語
2066,押し込む,オシコム,4.中級後半,動詞1類,動詞-一般,和語
2069,推し進める,オシススメル,5.上級前半,動詞2類,動詞-一般,和語
2070,押し出す,オシダス,4.中級後半,動詞1類,動詞-一般,和語
2071,押し付ける,オシツケル,4.中級後半,動詞2類,動詞-一般,和語
2073,押しのける,オシノケル,5.上級前半,動詞2類,動詞-一般,和語
2074,推し量る,オシハカル,5.上級前半,動詞1類,動詞-一般,和語
2076,惜しむ,オシム,4.中級後半,動詞1類,動詞-一般,和語
2082,押し寄せる,オシヨセル,4.中級後半,動詞2類,動詞-一般,和語
2083,押す,オス,2.初級後半,動詞1類,動詞-一般,和語
2085,推す,オス,5.上級前半,動詞1類,動詞-一般,和語
2097,襲う,オソウ,4.中級後半,動詞1類,動詞-一般,和語
2102,恐れ入る,オソレイル,5.上級前半,動詞1類,動詞-一般,和語
2104,恐れる,オソレル,4.中級後半,動詞2類,動詞-一般,和語
2106,教わる,オソワル,4.中級後半,動詞1類,動詞-一般,和語
2108,おだてる,オダテル,5.上級前半,動詞2類,動詞-一般,和語
2111,陥る,オチイル,5.上級前半,動詞1類,動詞-一般,和語
2112,落ち込む,オチコム,4.中級後半,動詞1類,動詞-一般,和語
2114,落ち着く,オチツク,4.中級後半,動詞1類,動詞-一般,和語
2118,落ちる,オチル,2.初級後半,動詞2類,動詞-一般,和語
2121,おっしゃる,オッシャル,3.中級前半,動詞1類,動詞-一般,和語
2135,脅かす,オドカス,5.上級前半,動詞1類,動詞-一般,和語
2145,陥れる,オトシイレル,5.上級前半,動詞2類,動詞-一般,和語
2147,落とす,オトス,2.初級後半,動詞1類,動詞-一般,和語
2148,脅す,オドス,5.上級前半,動詞1類,動詞-一般,和語
2150,訪れる,オトズレル,4.中級後半,動詞2類,動詞-一般,和語
2156,躍らす,オドラス,5.上級前半,動詞1類,動詞-一般,和語
2160,劣る,オトル,4.中級後半,動詞1類,動詞-一般,和語
2161,踊る,オドル,3.中級前半,動詞1類,動詞-一般,和語
2163,衰える,オトロエル,4.中級後半,動詞2類,動詞-一般,和語
2164,驚かす,オドロカス,4.中級後半,動詞1類,動詞-一般,和語
2166,驚く,オドロク,4.中級後半,動詞1類,動詞-一般,和語
2197,おびえる,オビエル,5.上級前半,動詞2類,動詞-一般,和語
2198,脅かす,オビヤカス,5.上級前半,動詞1類,動詞-一般,和語
2200,帯びる,オビル,5.上級前半,動詞2類,動詞-一般,和語
2215,覚え込む,オボエコム,5.上級前半,動詞1類,動詞-一般,和語
2216,覚える,オボエル,2.初級後半,動詞2類,動詞-一般,和語
2217,おぼれる,オボレル,3.中級前半,動詞2類,動詞-一般,和語
2234,思い当たる,オモイアタル,5.上級前半,動詞1類,動詞-一般,和語
2236,思い浮かぶ,オモイウカブ,4.中級後半,動詞1類,動詞-一般,和語
2237,思い浮かべる,オモイウカベル,4.中級後半,動詞2類,動詞-一般,和語
2238,思い描く,オモイエガク,5.上級前半,動詞1類,動詞-一般,和語
2239,思い起こす,オモイオコス,5.上級前半,動詞1類,動詞-一般,和語
2243,思い切る,オモイキル,5.上級前半,動詞1類,動詞-一般,和語
2245,思い込む,オモイコム,5.上級前半,動詞1類,動詞-一般,和語
2246,思い知る,オモイシル,5.上級前半,動詞1類,動詞-一般,和語
2247,思い出す,オモイダス,3.中級前半,動詞1類,動詞-一般,和語
2248,思い立つ,オモイタツ,5.上級前半,動詞1類,動詞-一般,和語
2251,思い付く,オモイツク,4.中級後半,動詞1類,動詞-一般,和語
2252,思い詰める,オモイツメル,5.上級前半,動詞2類,動詞-一般,和語
2254,思いとどまる,オモイトドマル,4.中級後半,動詞1類,動詞-一般,和語
2255,思い直す,オモイナオス,4.中級後半,動詞1類,動詞-一般,和語
2256,思い悩む,オモイナヤム,5.上級前半,動詞1類,動詞-一般,和語
2257,思い巡らす,オモイメグラス,5.上級前半,動詞1類,動詞-一般,和語
2258,思いやる,オモイヤル,5.上級前半,動詞1類,動詞-一般,和語
2259,思う,オモウ,2.初級後半,動詞1類,動詞-一般,和語
2277,赴く,オモムク,5.上級前半,動詞1類,動詞-一般,和語
2280,重んずる,オモンズル,5.上級前半,動詞3類,動詞-一般,和語
2292,泳ぐ,オヨグ,1.初級前半,動詞1類,動詞-一般,和語
2296,及ぶ,オヨブ,4.中級後半,動詞1類,動詞-一般,和語
2297,及ぼす,オヨボス,4.中級後半,動詞1類,動詞-一般,和語
2309,折り返す,オリカエス,5.上級前半,動詞1類,動詞-一般,和語
2316,降り立つ,オリタツ,6.上級後半,動詞1類,動詞-一般,和語
2318,折り曲げる,オリマゲル,4.中級後半,動詞2類,動詞-一般,和語
2321,降りる,オリル,2.初級後半,動詞2類,動詞-一般,和語
2322,下りる,オリル,2.初級後半,動詞2類,動詞-一般,和語
2325,おる,オル,2.初級後半,動詞1類,動詞-非自立可能,和語
2327,折る,オル,3.中級前半,動詞1類,動詞-一般,和語
2326,織る,オル,5.上級前半,動詞1類,動詞-一般,和語
2332,折れる,オレル,3.中級前半,動詞2類,動詞-一般,和語
2338,下ろす,オロス,4.中級後半,動詞1類,動詞-一般,和語
2340,降ろす,オロス,4.中級後半,動詞1類,動詞-一般,和語
2339,卸す,オロス,6.上級後半,動詞1類,動詞-一般,和語
2344,終わる,オワル,1.初級前半,動詞1類,動詞-非自立可能,和語
2492,買い換える,カイカエル,4.中級後半,動詞2類,動詞-一般,和語
2495,買いかぶる,カイカブル,6.上級後半,動詞1類,動詞-一般,和語
2532,買い込む,カイコム,5.上級前半,動詞1類,動詞-一般,和語
2541,買い占める,カイシメル,5.上級前半,動詞2類,動詞-一般,和語
2567,介する,カイスル,5.上級前半,動詞3類,動詞-一般,混種語
2568,会する,カイスル,5.上級前半,動詞3類,動詞-一般,混種語
2569,害する,ガイスル,4.中級後半,動詞3類,動詞-一般,混種語
2593,買い足す,カイタス,4.中級後半,動詞1類,動詞-一般,和語
2629,買い取る,カイトル,4.中級後半,動詞1類,動詞-一般,和語
2664,買い求める,カイモトメル,5.上級前半,動詞2類,動詞-一般,和語
2687,買う,カウ,1.初級前半,動詞1類,動詞-一般,和語
2688,飼う,カウ,2.初級後半,動詞1類,動詞-一般,和語
2697,返す,カエス,2.初級後半,動詞1類,動詞-一般,和語
2698,帰す,カエス,3.中級前半,動詞1類,動詞-一般,和語
2704,顧みる,カエリミル,5.上級前半,動詞2類,動詞-一般,和語
2705,帰る,カエル,1.初級前半,動詞1類,動詞-一般,和語
2706,変える,カエル,2.初級後半,動詞2類,動詞-一般,和語
2709,返る,カエル,3.中級前半,動詞1類,動詞-一般,和語
2710,換える,カエル,3.中級前半,動詞2類,動詞-一般,和語
2711,替える,カエル,3.中級前半,動詞2類,動詞-一般,和語
2724,香る,カオル,4.中級後半,動詞1類,動詞-一般,和語
2727,抱え込む,カカエコム,5.上級前半,動詞1類,動詞-一般,和語
2728,抱える,カカエル,4.中級後半,動詞2類,動詞-一般,和語
2746,掲げる,カカゲル,4.中級後半,動詞2類,動詞-一般,和語
2748,欠かす,カカス,5.上級前半,動詞1類,動詞-一般,和語
2751,かがむ,カガム,5.上級前半,動詞1類,動詞-一般,和語
2754,輝く,カガヤク,4.中級後半,動詞1類,動詞-一般,和語
2758,掛かる,カカル,3.中級前半,動詞1類,動詞-非自立可能,和語
2759,係る,カカル,4.中級後半,動詞1類,動詞-一般,和語
2761,架かる,カカル,5.上級前半,動詞1類,動詞-一般,和語
2762,かかわる,カカワル,4.中級後半,動詞1類,動詞-一般,和語
2776,書き改める,カキアラタメル,6.上級後半,動詞2類,動詞-一般,和語
2777,書き入れる,カキイレル,5.上級前半,動詞2類,動詞-一般,和語
2778,書き替える,カキカエル,4.中級後半,動詞2類,動詞-一般,和語
2779,書き加える,カキクワエル,4.中級後半,動詞2類,動詞-一般,和語
2781,書き込む,カキコム,4.中級後半,動詞1類,動詞-一般,和語
2782,書き出す,カキダス,5.上級前半,動詞1類,動詞-一般,和語
2786,書き留める,カキトメル,5.上級前半,動詞2類,動詞-一般,和語
2787,書き取る,カキトル,4.中級後半,動詞1類,動詞-一般,和語
2788,書き直す,カキナオス,3.中級前半,動詞1類,動詞-一般,和語
2790,かき回す,カキマワス,4.中級後半,動詞1類,動詞-一般,和語
2796,限る,カギル,4.中級後半,動詞1類,動詞-一般,和語
2797,書き分ける,カキワケル,5.上級前半,動詞2類,動詞-一般,和語
2798,書く,カク,1.初級前半,動詞1類,動詞-一般,和語
2799,かく,カク,3.中級前半,動詞1類,動詞-一般,和語
2807,欠く,カク,4.中級後半,動詞1類,動詞-一般,和語
2812,かぐ,カグ,4.中級後半,動詞1類,動詞-一般,和語
2853,隠す,カクス,4.中級後半,動詞1類,動詞-一般,和語
2855,画する,カクスル,5.上級前半,動詞3類,動詞-一般,混種語
2906,隠れる,カクレル,3.中級前半,動詞2類,動詞-一般,和語
2917,掛け合う,カケアウ,6.上級後半,動詞1類,動詞-一般,和語
2918,駆け上がる,カケアガル,5.上級前半,動詞1類,動詞-一般,和語
2928,駆け込む,カケコム,4.中級後半,動詞1類,動詞-一般,和語
2934,駆け付ける,カケツケル,5.上級前半,動詞2類,動詞-一般,和語
2935,駆け抜ける,カケヌケル,5.上級前半,動詞2類,動詞-一般,和語
2938,駆け回る,カケマワル,5.上級前半,動詞1類,動詞-一般,和語
2939,駆け巡る,カケメグル,6.上級後半,動詞1類,動詞-一般,和語
2943,掛ける,カケル,4.中級後半,動詞2類,動詞-非自立可能,和語
2944,欠ける,カケル,4.中級後半,動詞2類,動詞-一般,和語
2945,賭ける,カケル,4.中級後半,動詞2類,動詞-一般,和語
2953,囲う,カコウ,4.中級後半,動詞1類,動詞-一般,和語
2957,囲む,カコム,4.中級後半,動詞1類,動詞-一般,和語
2968,かざす,カザス,6.上級後半,動詞1類,動詞-一般,和語
2970,重なり合う,カサナリアウ,5.上級前半,動詞1類,動詞-一般,和語
2971,重なる,カサナル,4.中級後半,動詞1類,動詞-一般,和語
2974,重ねる,カサネル,4.中級後半,動詞2類,動詞-一般,和語
2975,かさばる,カサバル,5.上級前半,動詞1類,動詞-一般,和語
2977,かさむ,カサム,6.上級後半,動詞1類,動詞-一般,和語
2979,飾る,カザル,3.中級前半,動詞1類,動詞-一般,和語
2994,かじかむ,カジカム,6.上級後半,動詞1類,動詞-一般,和語
2996,貸し切る,カシキル,4.中級後半,動詞1類,動詞-一般,和語
2998,かしこまる,カシコマル,6.上級後半,動詞1類,動詞-一般,和語
3000,貸し出す,カシダス,4.中級後半,動詞1類,動詞-一般,和語
3022,貸す,カス,1.初級前半,動詞1類,動詞-一般,和語
3035,課する,カスル,6.上級後半,動詞3類,動詞-一般,混種語
3036,化する,カスル,6.上級後半,動詞3類,動詞-一般,混種語
3037,科する,カスル,6.上級後半,動詞3類,動詞-一般,混種語
3038,掠れる,カスレル,6.上級後半,動詞2類,動詞-一般,和語
3045,稼ぐ,カセグ,4.中級後半,動詞1類,動詞-一般,和語
3062,数える,カゾエル,3.中級前半,動詞2類,動詞-一般,和語
3101,形作る,カタチヅクル,5.上級前半,動詞1類,動詞-一般,和語
3102,片付く,カタヅク,3.中級前半,動詞1類,動詞-一般,和語
20041,片付け,カタヅケ,4.中級後半,動詞2類,動詞-一般,和語
3103,片付ける,カタヅケル,3.中級前半,動詞2類,動詞-一般,和語
3111,固まる,カタマル,4.中級後半,動詞1類,動詞-一般,和語
3115,傾く,カタムク,4.中級後半,動詞1類,動詞-一般,和語
3116,傾ける,カタムケル,4.中級後半,動詞2類,動詞-一般,和語
3119,固める,カタメル,4.中級後半,動詞2類,動詞-一般,和語
3122,偏る,カタヨル,4.中級後半,動詞1類,動詞-一般,和語
3123,語り合う,カタリアウ,5.上級前半,動詞1類,動詞-一般,和語
3124,語り継ぐ,カタリツグ,5.上級前半,動詞1類,動詞-一般,和語
3125,語り伝える,カタリツタエル,6.上級後半,動詞2類,動詞-一般,和語
3126,語る,カタル,4.中級後半,動詞1類,動詞-一般,和語
3137,勝ち越す,カチコス,5.上級前半,動詞1類,動詞-一般,和語
3138,勝ち取る,カチトル,4.中級後半,動詞1類,動詞-一般,和語
3139,勝ち残る,カチノコル,4.中級後半,動詞1類,動詞-一般,和語
3145,勝つ,カツ,3.中級前半,動詞1類,動詞-一般,和語
3166,担ぐ,カツグ,5.上級前半,動詞1類,動詞-一般,和語
3239,かなう,カナウ,4.中級後半,動詞1類,動詞-一般,和語
3237,かなう,カナウ,6.上級後半,動詞1類,動詞-一般,和語
3240,かなえる,カナエル,4.中級後半,動詞2類,動詞-一般,和語
3244,悲しむ,カナシム,3.中級前半,動詞1類,動詞-一般,和語
3270,兼ね備える,カネソナエル,4.中級後半,動詞2類,動詞-一般,和語
3276,兼ねる,カネル,4.中級後半,動詞2類,動詞-一般,和語
3294,かばう,カバウ,5.上級前半,動詞1類,動詞-一般,和語
3314,かぶせる,カブセル,5.上級前半,動詞2類,動詞-一般,和語
3321,かぶる,カブル,4.中級後半,動詞1類,動詞-一般,和語
3322,気触れる,カブレル,6.上級後半,動詞2類,動詞-一般,和語
3333,構う,カマウ,4.中級後半,動詞1類,動詞-一般,和語
3335,構える,カマエル,5.上級前半,動詞2類,動詞-一般,和語
3338,かます,カマス,6.上級後半,動詞1類,動詞-一般,和語
3347,かみ合う,カミアウ,5.上級前半,動詞1類,動詞-一般,和語
3352,かみ殺す,カミコロス,5.上級前半,動詞1類,動詞-一般,和語
3365,かむ,カム,3.中級前半,動詞1類,動詞-一般,和語
3380,醸し出す,カモシダス,6.上級後半,動詞1類,動詞-一般,和語
3390,通う,カヨウ,3.中級前半,動詞1類,動詞-一般,和語
3406,からかう,カラカウ,4.中級後半,動詞1類,動詞-一般,和語
3422,絡まる,カラマル,5.上級前半,動詞1類,動詞-一般,和語
3427,絡み合う,カラミアウ,6.上級後半,動詞1類,動詞-一般,和語
3428,絡み付く,カラミツク,6.上級後半,動詞1類,動詞-一般,和語
3429,絡む,カラム,5.上級前半,動詞1類,動詞-一般,和語
3430,絡める,カラメル,6.上級後半,動詞2類,動詞-一般,和語
3443,駆り立てる,カリタテル,6.上級後半,動詞2類,動詞-一般,和語
3450,借りる,カリル,2.初級後半,動詞2類,動詞-一般,和語
3452,刈る,カル,5.上級前半,動詞1類,動詞-一般,和語
3453,狩る,カル,5.上級前半,動詞1類,動詞-一般,和語
3475,枯れる,カレル,3.中級前半,動詞2類,動詞-一般,和語
3489,かわいがる,カワイガル,3.中級前半,動詞1類,動詞-一般,和語
3494,乾かす,カワカス,3.中級前半,動詞1類,動詞-一般,和語
3500,渇く,カワク,2.初級後半,動詞1類,動詞-一般,和語
3498,乾く,カワク,3.中級前半,動詞1類,動詞-一般,和語
3502,交わす,カワス,5.上級前半,動詞1類,動詞-非自立可能,和語
3504,躱す,カワス,6.上級後半,動詞1類,動詞-一般,和語
3514,変わる,カワル,2.初級後半,動詞1類,動詞-一般,和語
3515,代わる,カワル,3.中級前半,動詞1類,動詞-一般,和語
3516,替わる,カワル,3.中級前半,動詞1類,動詞-一般,和語
3552,考え込む,カンガエコム,4.中級後半,動詞1類,動詞-一般,和語
3553,考え出す,カンガエダス,5.上級前半,動詞1類,動詞-一般,和語
3554,考え付く,カンガエツク,5.上級前半,動詞1類,動詞-一般,和語
3555,考え直す,カンガエナオス,4.中級後半,動詞1類,動詞-一般,和語
3557,考える,カンガエル,2.初級後半,動詞2類,動詞-一般,和語
3564,かんがみる,カンガミル,6.上級後半,動詞2類,動詞-一般,和語
3606,感じ取る,カンジトル,5.上級前半,動詞1類,動詞-一般,混種語
20043,感じる,カンジル,5.上級前半,動詞2類,動詞-一般,混種語
3630,関する,カンスル,4.中級後半,動詞3類,動詞-一般,混種語
3631,感ずる,カンズル,5.上級前半,動詞3類,動詞-一般,混種語
3700,頑張る,ガンバル,2.初級後半,動詞1類,動詞-一般,混種語
3777,消え去る,キエサル,5.上級前半,動詞1類,動詞-一般,和語
3778,消える,キエル,2.初級後半,動詞2類,動詞-一般,和語
3794,着替える,キカエル,3.中級前半,動詞2類,動詞-一般,和語
3800,着飾る,キカザル,5.上級前半,動詞1類,動詞-一般,和語
3801,聞かす,キカス,4.中級後半,動詞1類,動詞-一般,和語
3817,聞き入る,キキイル,5.上級前半,動詞1類,動詞-一般,和語
3818,聞き入れる,キキイレル,5.上級前半,動詞2類,動詞-一般,和語
3820,聞き返す,キキカエス,4.中級後半,動詞1類,動詞-一般,和語
3824,聞き込む,キキコム,5.上級前半,動詞1類,動詞-一般,和語
3825,聞き出す,キキダス,5.上級前半,動詞1類,動詞-一般,和語
3826,聞き付ける,キキツケル,5.上級前半,動詞2類,動詞-一般,和語
3829,聞き取る,キキトル,4.中級後半,動詞1類,動詞-一般,和語
3830,聞き流す,キキナガス,5.上級前半,動詞1類,動詞-一般,和語
3831,聞き逃す,キキノガス,5.上級前半,動詞1類,動詞-一般,和語
3837,聞き分ける,キキワケル,4.中級後半,動詞2類,動詞-一般,和語
3841,聞く,キク,1.初級前半,動詞1類,動詞-一般,和語
3845,効く,キク,3.中級前半,動詞1類,動詞-一般,和語
3843,利く,キク,4.中級後半,動詞1類,動詞-一般,和語
3872,聞こえる,キコエル,2.初級後半,動詞2類,動詞-一般,和語
3874,着込む,キコム,4.中級後半,動詞1類,動詞-一般,和語
3884,刻み込む,キザミコム,6.上級後半,動詞1類,動詞-一般,和語
3885,刻む,キザム,4.中級後半,動詞1類,動詞-一般,和語
3923,築く,キズク,4.中級後半,動詞1類,動詞-一般,和語
3926,期する,キスル,6.上級後半,動詞3類,動詞-一般,混種語
3944,着せる,キセル,3.中級前半,動詞2類,動詞-一般,和語
3951,競う,キソウ,4.中級後半,動詞1類,動詞-一般,和語
3966,鍛える,キタエル,4.中級後半,動詞2類,動詞-一般,和語
3970,来す,キタス,5.上級前半,動詞1類,動詞-一般,和語
3974,来たる,キタル,5.上級前半,動詞1類,動詞-非自立可能,和語
3989,気遣う,キヅカウ,4.中級後半,動詞1類,動詞-一般,混種語
3993,気付く,キヅク,3.中級前半,動詞1類,動詞-一般,混種語
4018,気取る,キドル,5.上級前半,動詞1類,動詞-一般,混種語
4063,決まる,キマル,2.初級後半,動詞1類,動詞-一般,和語
4073,決め付ける,キメツケル,5.上級前半,動詞2類,動詞-一般,和語
4076,決める,キメル,2.初級後半,動詞2類,動詞-一般,和語
4308,興ずる,キョウズル,6.上級後半,動詞3類,動詞-一般,混種語
4413,清める,キヨメル,5.上級前半,動詞2類,動詞-一般,和語
4420,嫌う,キラウ,3.中級前半,動詞1類,動詞-一般,和語
4425,切らす,キラス,5.上級前半,動詞1類,動詞-一般,和語
4426,きらめく,キラメク,5.上級前半,動詞1類,動詞-一般,和語
4435,切り上げる,キリアゲル,5.上級前半,動詞2類,動詞-一般,和語
4436,切り落とす,キリオトス,5.上級前半,動詞1類,動詞-一般,和語
4439,切り替える,キリカエル,5.上級前半,動詞2類,動詞-一般,和語
4440,切り替わる,キリカワル,5.上級前半,動詞1類,動詞-一般,和語
4441,切り刻む,キリキザム,4.中級後半,動詞1類,動詞-一般,和語
4446,切り捨てる,キリステル,5.上級前半,動詞2類,動詞-一般,和語
4450,切り出す,キリダス,5.上級前半,動詞1類,動詞-一般,和語
4453,切り詰める,キリツメル,5.上級前半,動詞2類,動詞-一般,和語
4455,切り取る,キリトル,4.中級後半,動詞1類,動詞-一般,和語
4457,切り抜く,キリヌク,5.上級前半,動詞1類,動詞-一般,和語
4458,切り抜ける,キリヌケル,5.上級前半,動詞2類,動詞-一般,和語
4459,切り離す,キリハナス,4.中級後半,動詞1類,動詞-一般,和語
4460,切り開く,キリヒラク,5.上級前半,動詞1類,動詞-一般,和語
4468,着る,キル,1.初級前半,動詞2類,動詞-一般,和語
4469,切る,キル,1.初級前半,動詞1類,動詞-非自立可能,和語
4478,切れる,キレル,3.中級前半,動詞2類,動詞-非自立可能,和語
4492,際立つ,キワダツ,5.上級前半,動詞1類,動詞-一般,和語
4494,極まる,キワマル,5.上級前半,動詞1類,動詞-一般,和語
4498,極める,キワメル,5.上級前半,動詞2類,動詞-一般,和語
20044,禁じる,キンジル,6.上級後半,動詞2類,動詞-一般,混種語
4541,禁ずる,キンズル,5.上級前半,動詞3類,動詞-一般,混種語
4595,食い込む,クイコム,6.上級後半,動詞1類,動詞-一般,和語
4599,食い違う,クイチガウ,5.上級前半,動詞1類,動詞-一般,和語
4601,食いつぶす,クイツブス,6.上級後半,動詞1類,動詞-一般,和語
4602,食い止める,クイトメル,5.上級前半,動詞2類,動詞-一般,和語
4603,悔いる,クイル,5.上級前半,動詞2類,動詞-一般,和語
4604,食う,クウ,4.中級後半,動詞1類,動詞-一般,和語
4638,区切る,クギル,4.中級後半,動詞1類,動詞-一般,混種語
4639,くくる,ククル,5.上級前半,動詞1類,動詞-一般,和語
4640,くぐる,クグル,5.上級前半,動詞1類,動詞-一般,和語
4648,腐る,クサル,3.中級前半,動詞1類,動詞-一般,和語
4666,くすぐる,クスグル,5.上級前半,動詞1類,動詞-一般,和語
4667,崩す,クズス,4.中級後半,動詞1類,動詞-一般,和語
4668,ぐずつく,グズツク,6.上級後半,動詞1類,動詞-一般,混種語
4669,くすむ,クスム,6.上級後半,動詞1類,動詞-一般,和語
4672,愚図る,グズル,6.上級後半,動詞1類,動詞-一般,混種語
4674,崩れる,クズレル,4.中級後半,動詞2類,動詞-一般,和語
4684,砕く,クダク,4.中級後半,動詞1類,動詞-一般,和語
4686,砕ける,クダケル,5.上級前半,動詞2類,動詞-一般,和語
4687,下さる,クダサル,3.中級前半,動詞1類,動詞-非自立可能,和語
4691,下す,クダス,5.上級前半,動詞1類,動詞-一般,和語
4696,下る,クダル,4.中級後半,動詞1類,動詞-一般,和語
4705,口ずさむ,クチズサム,5.上級前半,動詞1類,動詞-一般,和語
4719,覆す,クツガエス,5.上級前半,動詞1類,動詞-一般,和語
4729,屈する,クッスル,5.上級前半,動詞3類,動詞-一般,混種語
4732,くっ付く,クッツク,4.中級後半,動詞1類,動詞-一般,和語
4733,くっ付ける,クッツケル,4.中級後半,動詞2類,動詞-一般,和語
4738,くつろぐ,クツログ,5.上級前半,動詞1類,動詞-一般,和語
4740,口説く,クドク,5.上級前半,動詞1類,動詞-一般,混種語
4745,配る,クバル,3.中級前半,動詞1類,動詞-一般,和語
4757,組み合う,クミアウ,5.上級前半,動詞1類,動詞-一般,和語
4759,組み合わせる,クミアワセル,4.中級後半,動詞2類,動詞-一般,和語
4760,組み入れる,クミイレル,5.上級前半,動詞2類,動詞-一般,和語
4762,組み込む,クミコム,5.上級前半,動詞1類,動詞-一般,和語
4764,組み立てる,クミタテル,5.上級前半,動詞2類,動詞-一般,和語
4765,くみ取る,クミトル,5.上級前半,動詞1類,動詞-一般,和語
4767,組む,クム,4.中級後半,動詞1類,動詞-一般,和語
4766,くむ,クム,5.上級前半,動詞1類,動詞-一般,和語
4772,曇る,クモル,2.初級後半,動詞1類,動詞-一般,和語
4776,悔やむ,クヤム,5.上級前半,動詞1類,動詞-一般,和語
4784,食らう,クラウ,5.上級前半,動詞1類,動詞-一般,和語
4795,暮らす,クラス,3.中級前半,動詞1類,動詞-一般,和語
4809,比べる,クラベル,3.中級前半,動詞2類,動詞-一般,和語
4810,くらます,クラマス,6.上級後半,動詞1類,動詞-一般,和語
4822,繰り上げる,クリアゲル,5.上級前半,動詞2類,動詞-一般,和語
4830,繰り返す,クリカエス,3.中級前半,動詞1類,動詞-一般,和語
4840,繰り出す,クリダス,5.上級前半,動詞1類,動詞-一般,和語
4845,繰り広げる,クリヒロゲル,5.上級前半,動詞2類,動詞-一般,和語
4846,来る,クル,1.初級前半,動詞3類,動詞-非自立可能,和語
4849,狂う,クルウ,5.上級前半,動詞1類,動詞-一般,和語
4857,苦しむ,クルシム,4.中級後半,動詞1類,動詞-一般,和語
4858,苦しめる,クルシメル,4.中級後半,動詞2類,動詞-一般,和語
4862,くるむ,クルム,5.上級前半,動詞1類,動詞-一般,和語
4881,くれる,クレル,2.初級後半,動詞2類,動詞-非自立可能,和語
4882,暮れる,クレル,3.中級前半,動詞2類,動詞-一般,和語
4895,黒ずむ,クロズム,5.上級前半,動詞1類,動詞-一般,和語
4903,加える,クワエル,4.中級後半,動詞2類,動詞-一般,和語
4904,銜える,クワエル,5.上級前半,動詞2類,動詞-一般,和語
4909,加わる,クワワル,4.中級後半,動詞1類,動詞-一般,和語
5090,消し去る,ケシサル,5.上級前半,動詞2類,動詞-一般,和語
5100,消す,ケス,2.初級後半,動詞1類,動詞-一般,和語
5105,削る,ケズル,4.中級後半,動詞1類,動詞-一般,和語
5182,けなす,ケナス,6.上級後半,動詞1類,動詞-一般,和語
5195,煙る,ケムル,5.上級前半,動詞1類,動詞-一般,和語
5205,ける,ケル,3.中級前半,動詞1類,動詞-一般,和語
5483,請う,コウ,5.上級前半,動詞1類,動詞-一般,和語
5640,講ずる,コウズル,6.上級後半,動詞3類,動詞-一般,混種語
5764,こうむる,コウムル,5.上級前半,動詞1類,動詞-一般,和語
5801,超える,コエル,4.中級後半,動詞2類,動詞-一般,和語
5802,越える,コエル,4.中級後半,動詞2類,動詞-一般,和語
5803,肥える,コエル,5.上級前半,動詞2類,動詞-一般,和語
5822,凍る,コオル,3.中級前半,動詞1類,動詞-一般,和語
5832,焦がす,コガス,4.中級後半,動詞1類,動詞-一般,和語
5856,こぐ,コグ,4.中級後半,動詞1類,動詞-一般,和語
5924,焦げ付く,コゲツク,5.上級前半,動詞1類,動詞-一般,和語
5926,焦げる,コゲル,4.中級後半,動詞2類,動詞-一般,和語
5949,心得る,ココロエル,5.上級前半,動詞2類,動詞-一般,和語
5950,心掛ける,ココロガケル,5.上級前半,動詞2類,動詞-一般,和語
5955,志す,ココロザス,5.上級前半,動詞1類,動詞-一般,和語
5963,試みる,ココロミル,4.中級後半,動詞2類,動詞-一般,和語
5978,腰掛ける,コシカケル,5.上級前半,動詞2類,動詞-一般,和語
5996,こじれる,コジレル,5.上級前半,動詞2類,動詞-一般,和語
6005,越す,コス,4.中級後半,動詞1類,動詞-一般,和語
6006,超す,コス,4.中級後半,動詞1類,動詞-一般,和語
6004,こす,コス,6.上級後半,動詞1類,動詞-一般,和語
6011,こする,コスル,4.中級後半,動詞1類,動詞-一般,和語
6012,擦れる,コスレル,5.上級前半,動詞2類,動詞-一般,和語
6030,答える,コタエル,2.初級後半,動詞2類,動詞-一般,和語
6032,応える,コタエル,4.中級後半,動詞2類,動詞-一般,和語
6039,こだわる,コダワル,5.上級前半,動詞1類,動詞-一般,和語
6074,ごった返す,ゴッタガエス,5.上級前半,動詞1類,動詞-一般,和語
6101,事欠く,コトカク,6.上級後半,動詞1類,動詞-一般,和語
6109,事足りる,コトタリル,6.上級後半,動詞2類,動詞-一般,和語
6110,異なる,コトナル,4.中級後半,動詞1類,動詞-一般,和語
6119,断る,コトワル,3.中級前半,動詞1類,動詞-一般,和語
6122,こなす,コナス,6.上級後半,動詞1類,動詞-非自立可能,混種語
6126,こねる,コネル,5.上級前半,動詞2類,動詞-一般,和語
6143,好む,コノム,4.中級後半,動詞1類,動詞-一般,和語
6147,拒む,コバム,5.上級前半,動詞1類,動詞-一般,和語
6156,こびり付く,コビリツク,6.上級後半,動詞1類,動詞-一般,和語
6157,こびる,コビル,6.上級後半,動詞2類,動詞-一般,和語
6173,こぼす,コボス,4.中級後半,動詞1類,動詞-一般,和語
6174,こぼれる,コボレル,4.中級後半,動詞2類,動詞-一般,和語
6182,ごまかす,ゴマカス,4.中級後半,動詞1類,動詞-一般,和語
6186,困る,コマル,2.初級後半,動詞1類,動詞-一般,和語
6192,込み合う,コミアウ,4.中級後半,動詞1類,動詞-一般,和語
6193,込み上げる,コミアゲル,5.上級前半,動詞2類,動詞-一般,和語
6200,込む,コム,3.中級前半,動詞1類,動詞-非自立可能,和語
6209,込める,コメル,4.中級後半,動詞2類,動詞-一般,和語
6217,籠もる,コモル,5.上級前半,動詞1類,動詞-一般,和語
6221,肥やす,コヤス,6.上級後半,動詞1類,動詞-一般,和語
6232,こらえる,コラエル,5.上級前半,動詞2類,動詞-一般,和語
6234,懲らしめる,コラシメル,5.上級前半,動詞2類,動詞-一般,和語
6235,こらす,コラス,6.上級後半,動詞1類,動詞-一般,和語
6240,凝り固まる,コリカタマル,5.上級前半,動詞1類,動詞-一般,和語
6243,懲りる,コリル,5.上級前半,動詞2類,動詞-一般,和語
6245,凝る,コル,5.上級前半,動詞1類,動詞-一般,和語
6278,転がす,コロガス,4.中級後半,動詞1類,動詞-一般,和語
6279,転がり込む,コロガリコム,5.上級前半,動詞1類,動詞-一般,和語
6280,転がる,コロガル,4.中級後半,動詞1類,動詞-一般,和語
6288,殺す,コロス,3.中級前半,動詞1類,動詞-一般,和語
6291,転ぶ,コロブ,3.中級前半,動詞1類,動詞-一般,和語
6299,壊す,コワス,2.初級後半,動詞1類,動詞-一般,和語
6302,壊れる,コワレル,3.中級前半,動詞2類,動詞-一般,和語
6546,遮る,サエギル,5.上級前半,動詞1類,動詞-一般,和語
6547,さえる,サエル,6.上級後半,動詞2類,動詞-一般,和語
6552,栄える,サカエル,5.上級前半,動詞2類,動詞-一般,和語
6556,捜し当てる,サガシアテル,5.上級前半,動詞2類,動詞-一般,和語
6557,捜し出す,サガシダス,4.中級後半,動詞1類,動詞-一般,和語
6558,探す,サガス,3.中級前半,動詞1類,動詞-一般,和語
6561,さかのぼる,サカノボル,5.上級前半,動詞1類,動詞-一般,和語
6564,逆らう,サカラウ,4.中級後半,動詞1類,動詞-一般,和語
6566,下がる,サガル,3.中級前半,動詞1類,動詞-一般,和語
6573,先駆ける,サキガケル,6.上級後半,動詞2類,動詞-一般,和語
6576,先立つ,サキダツ,6.上級後半,動詞1類,動詞-一般,和語
6580,咲き乱れる,サキミダレル,5.上級前半,動詞2類,動詞-一般,和語
6584,咲く,サク,3.中級前半,動詞1類,動詞-一般,和語
6585,裂く,サク,4.中級後半,動詞1類,動詞-一般,和語
6592,割く,サク,4.中級後半,動詞1類,動詞-一般,和語
6615,探る,サグル,4.中級後半,動詞1類,動詞-一般,和語
6621,叫ぶ,サケブ,4.中級後半,動詞1類,動詞-一般,和語
6622,避ける,サケル,4.中級後半,動詞2類,動詞-一般,和語
6623,裂ける,サケル,5.上級前半,動詞2類,動詞-一般,和語
6624,下げる,サゲル,3.中級前半,動詞2類,動詞-一般,和語
6630,支える,ササエル,4.中級後半,動詞2類,動詞-一般,和語
6631,ささげる,ササゲル,5.上級前半,動詞2類,動詞-一般,和語
6635,ささやく,ササヤク,5.上級前半,動詞1類,動詞-一般,和語
6636,刺さる,ササル,4.中級後半,動詞1類,動詞-一般,和語
6638,差し上げる,サシアゲル,3.中級前半,動詞2類,動詞-一般,和語
6640,差し入れる,サシイレル,5.上級前半,動詞2類,動詞-一般,和語
6642,差し押さえる,サシオサエル,6.上級後半,動詞2類,動詞-一般,和語
6643,差し替える,サシカエル,5.上級前半,動詞2類,動詞-一般,和語
6646,差し込む,サシコム,5.上級前半,動詞1類,動詞-一般,和語
6647,刺し殺す,サシコロス,4.中級後半,動詞1類,動詞-一般,和語
6648,差し出す,サシダス,5.上級前半,動詞1類,動詞-一般,和語
6650,差し支える,サシツカエル,5.上級前半,動詞2類,動詞-一般,和語
6651,差し止める,サシトメル,6.上級後半,動詞2類,動詞-一般,和語
6652,差し伸べる,サシノベル,5.上級前半,動詞2類,動詞-一般,和語
6655,差し引く,サシヒク,5.上級前半,動詞1類,動詞-一般,和語
6661,指す,サス,4.中級後半,動詞1類,動詞-一般,和語
6662,刺す,サス,4.中級後半,動詞1類,動詞-一般,和語
6663,差す,サス,4.中級後半,動詞1類,動詞-一般,和語
6658,挿す,サス,5.上級前半,動詞1類,動詞-一般,和語
6666,授かる,サズカル,5.上級前半,動詞1類,動詞-一般,和語
6667,授ける,サズケル,5.上級前半,動詞2類,動詞-一般,和語
6676,誘い込む,サソイコム,5.上級前半,動詞1類,動詞-一般,和語
6677,誘う,サソウ,3.中級前半,動詞1類,動詞-一般,和語
6679,定まる,サダマル,5.上級前半,動詞1類,動詞-一般,和語
6680,定める,サダメル,5.上級前半,動詞2類,動詞-一般,和語
6714,察する,サッスル,5.上級前半,動詞3類,動詞-一般,混種語
6740,諭す,サトス,6.上級後半,動詞1類,動詞-一般,和語
6742,悟る,サトル,5.上級前半,動詞1類,動詞-一般,和語
6745,裁く,サバク,5.上級前半,動詞1類,動詞-一般,和語
6750,さびる,サビル,5.上級前半,動詞2類,動詞-一般,和語
6761,サボる,サボル,4.中級後半,動詞1類,動詞-一般,混種語
6771,覚ます,サマス,3.中級前半,動詞1類,動詞-一般,和語
6770,冷ます,サマス,4.中級後半,動詞1類,動詞-一般,和語
6773,妨げる,サマタゲル,4.中級後半,動詞2類,動詞-一般,和語
6780,冷める,サメル,3.中級前半,動詞2類,動詞-一般,和語
6781,覚める,サメル,3.中級前半,動詞2類,動詞-一般,和語
6795,さらう,サラウ,5.上級前半,動詞1類,動詞-一般,和語
6801,さらす,サラス,6.上級後半,動詞1類,動詞-一般,和語
6814,去る,サル,4.中級後半,動詞1類,動詞-非自立可能,和語
6822,騒ぐ,サワグ,4.中級後半,動詞1類,動詞-一般,和語
6824,ざわめく,ザワメク,5.上級前半,動詞1類,動詞-一般,和語
6826,触る,サワル,3.中級前半,動詞1類,動詞-一般,和語
6828,障る,サワル,5.上級前半,動詞1類,動詞-一般,和語
6988,仕上がる,シアガル,4.中級後半,動詞1類,動詞-一般,和語
6990,仕上げる,シアゲル,5.上級前半,動詞2類,動詞-一般,和語
7022,強いる,シイル,5.上級前半,動詞2類,動詞-一般,和語
7025,仕入れる,シイレル,4.中級後半,動詞2類,動詞-一般,和語
7087,仕掛ける,シカケル,5.上級前半,動詞2類,動詞-一般,混種語
7099,しがみ付く,シガミツク,5.上級前半,動詞1類,動詞-一般,和語
7104,しかる,シカル,3.中級前半,動詞1類,動詞-一般,和語
7152,仕切る,シキル,5.上級前半,動詞1類,動詞-一般,和語
7154,敷く,シク,4.中級後半,動詞1類,動詞-一般,和語
7167,しける,シケル,5.上級前半,動詞2類,動詞-一般,和語
7168,茂る,シゲル,5.上級前半,動詞1類,動詞-一般,和語
7201,仕込む,シコム,6.上級後半,動詞1類,動詞-一般,和語
7276,沈む,シズム,3.中級前半,動詞1類,動詞-一般,和語
7277,沈める,シズメル,4.中級後半,動詞2類,動詞-一般,和語
7278,静める,シズメル,4.中級後半,動詞2類,動詞-一般,和語
7279,辞する,ジスル,5.上級前半,動詞3類,動詞-一般,混種語
7318,慕う,シタウ,5.上級前半,動詞1類,動詞-一般,和語
7321,従う,シタガウ,4.中級後半,動詞1類,動詞-一般,和語
7322,従える,シタガエル,5.上級前半,動詞2類,動詞-一般,和語
7331,親しむ,シタシム,4.中級後半,動詞1類,動詞-一般,和語
7336,仕立てる,シタテル,5.上級前半,動詞2類,動詞-一般,和語
7340,下回る,シタマワル,4.中級後半,動詞1類,動詞-一般,和語
7395,しつける,シツケル,5.上級前半,動詞2類,動詞-一般,和語
7468,仕出かす,シデカス,6.上級後半,動詞1類,動詞-一般,混種語
7497,しなう,シナウ,6.上級後半,動詞1類,動詞-一般,和語
7511,死ぬ,シヌ,2.初級後半,動詞1類,動詞-一般,和語
7516,しのぐ,シノグ,6.上級後半,動詞1類,動詞-一般,和語
7518,忍び込む,シノビコム,5.上級前半,動詞1類,動詞-一般,和語
7519,忍び寄る,シノビヨル,5.上級前半,動詞1類,動詞-一般,和語
7535,支払う,シハラウ,4.中級後半,動詞1類,動詞-一般,和語
7540,縛る,シバル,4.中級後半,動詞1類,動詞-一般,和語
7555,しびれる,シビレル,4.中級後半,動詞2類,動詞-一般,和語
7564,渋る,シブル,5.上級前半,動詞1類,動詞-一般,和語
7582,絞り込む,シボリコム,5.上級前半,動詞1類,動詞-一般,和語
7583,絞る,シボル,4.中級後半,動詞1類,動詞-一般,和語
7592,仕舞う,シマウ,4.中級後半,動詞1類,動詞-非自立可能,和語
7599,閉まる,シマル,2.初級後半,動詞1類,動詞-一般,和語
7600,締まる,シマル,3.中級前半,動詞1類,動詞-一般,和語
7604,染み込む,シミコム,5.上級前半,動詞1類,動詞-一般,和語
7607,染みる,シミル,4.中級後半,動詞2類,動詞-一般,和語
7615,仕向ける,シムケル,6.上級後半,動詞2類,動詞-一般,混種語
7623,締め切る,シメキル,4.中級後半,動詞1類,動詞-一般,和語
7625,示す,シメス,4.中級後半,動詞1類,動詞-一般,和語
7629,締め付ける,シメツケル,5.上級前半,動詞2類,動詞-一般,和語
7632,閉める,シメル,2.初級後半,動詞2類,動詞-一般,和語
7631,締める,シメル,3.中級前半,動詞2類,動詞-一般,和語
7630,占める,シメル,4.中級後半,動詞2類,動詞-一般,和語
7634,絞める,シメル,4.中級後半,動詞2類,動詞-一般,和語
7635,湿る,シメル,4.中級後半,動詞1類,動詞-一般,和語
7685,しゃがむ,シャガム,4.中級後半,動詞1類,動詞-一般,和語
7757,しゃぶる,シャブル,5.上級前半,動詞1類,動詞-一般,和語
7759,しゃべる,シャベル,3.中級前半,動詞1類,動詞-一般,和語
7771,しゃれる,シャレル,6.上級後半,動詞2類,動詞-一般,和語
7992,熟する,ジュクスル,5.上級前半,動詞3類,動詞-一般,混種語
8142,準ずる,ジュンズル,5.上級前半,動詞3類,動詞-一般,混種語
8171,しょう,ショウ,5.上級前半,動詞1類,動詞-一般,和語
20053,生じる,ショウジル,5.上級前半,動詞2類,動詞-一般,混種語
8301,称する,ショウスル,5.上級前半,動詞3類,動詞-一般,混種語
8302,生ずる,ショウズル,5.上級前半,動詞3類,動詞-一般,混種語
8458,食する,ショクスル,5.上級前半,動詞3類,動詞-一般,混種語
8515,処する,ショスル,5.上級前半,動詞3類,動詞-一般,混種語
8592,白ける,シラケル,5.上級前半,動詞2類,動詞-一般,和語
8593,知らす,シラス,4.中級後半,動詞1類,動詞-一般,和語
8598,調べる,シラベル,2.初級後半,動詞2類,動詞-一般,和語
8601,知り合う,シリアウ,3.中級前半,動詞1類,動詞-一般,和語
8608,退ける,シリゾケル,5.上級前半,動詞2類,動詞-一般,和語
8621,知る,シル,1.初級前半,動詞1類,動詞-一般,和語
8627,記す,シルス,4.中級後半,動詞1類,動詞-一般,混種語
8636,知れる,シレル,4.中級後半,動詞2類,動詞-一般,和語
8757,信ずる,シンズル,4.中級後半,動詞3類,動詞-一般,混種語
8813,陣取る,ジンドル,6.上級後半,動詞1類,動詞-一般,混種語
8886,吸い上げる,スイアゲル,5.上級前半,動詞2類,動詞-一般,和語
8899,吸い込む,スイコム,4.中級後半,動詞1類,動詞-一般,和語
8924,吸い出す,スイダス,5.上級前半,動詞1類,動詞-一般,和語
8933,吸い取る,スイトル,5.上級前半,動詞1類,動詞-一般,和語
8955,吸う,スウ,2.初級後半,動詞1類,動詞-一般,和語
8978,据える,スエル,5.上級前半,動詞2類,動詞-一般,和語
8994,すがる,スガル,6.上級後半,動詞1類,動詞-一般,和語
9006,好き好む,スキコノム,6.上級後半,動詞1類,動詞-一般,和語
9007,過ぎ去る,スギサル,4.中級後半,動詞1類,動詞-一般,和語
9011,透き通る,スキトオル,4.中級後半,動詞1類,動詞-一般,和語
9014,過ぎる,スギル,3.中級前半,動詞2類,動詞-非自立可能,和語
9017,すく,スク,2.初級後半,動詞1類,動詞-一般,和語
9019,好く,スク,4.中級後半,動詞1類,動詞-一般,和語
9024,救う,スクウ,4.中級後半,動詞1類,動詞-一般,和語
9023,すくう,スクウ,5.上級前半,動詞1類,動詞-一般,和語
9035,優れる,スグレル,4.中級後半,動詞2類,動詞-一般,和語
9043,透ける,スケル,5.上級前半,動詞2類,動詞-一般,和語
9048,過ごす,スゴス,3.中級前半,動詞1類,動詞-一般,和語
9065,すすぐ,ススグ,5.上級前半,動詞1類,動詞-一般,和語
9067,進む,ススム,2.初級後半,動詞1類,動詞-一般,和語
9068,涼む,スズム,4.中級後半,動詞1類,動詞-一般,和語
9072,進める,ススメル,3.中級前半,動詞2類,動詞-一般,和語
9073,勧める,ススメル,3.中級前半,動詞2類,動詞-一般,和語
9076,すする,ススル,6.上級後半,動詞1類,動詞-一般,和語
9088,巣立つ,スダツ,5.上級前半,動詞1類,動詞-一般,和語
9092,廃れる,スタレル,5.上級前半,動詞2類,動詞-一般,和語
9121,捨てる,ステル,2.初級後半,動詞2類,動詞-一般,和語
9171,ずば抜ける,ズバヌケル,5.上級前半,動詞2類,動詞-一般,和語
9198,滑らす,スベラス,5.上級前半,動詞1類,動詞-一般,和語
9200,滑り込む,スベリコム,5.上級前半,動詞1類,動詞-一般,和語
9201,滑る,スベル,4.中級後半,動詞1類,動詞-一般,和語
9218,済ます,スマス,4.中級後半,動詞1類,動詞-一般,和語
9219,澄ます,スマス,5.上級前半,動詞1類,動詞-一般,和語
9225,澄み切る,スミキル,6.上級後半,動詞1類,動詞-一般,和語
9227,住み着く,スミツク,5.上級前半,動詞1類,動詞-一般,和語
9232,住む,スム,1.初級前半,動詞1類,動詞-一般,和語
9231,済む,スム,4.中級後半,動詞1類,動詞-一般,和語
9233,澄む,スム,5.上級前半,動詞1類,動詞-一般,和語
9245,ずらす,ズラス,5.上級前半,動詞1類,動詞-一般,和語
9256,ずり落ちる,ズリオチル,5.上級前半,動詞2類,動詞-一般,和語
9257,擦り切れる,スリキレル,5.上級前半,動詞2類,動詞-一般,和語
9261,すりつぶす,スリツブス,5.上級前半,動詞1類,動詞-一般,和語
9266,する,スル,1.初級前半,動詞3類,動詞-非自立可能,和語
9282,刷る,スル,5.上級前半,動詞1類,動詞-一般,和語
9269,する,スル,6.上級後半,動詞3類,動詞-一般,和語
9273,擦る,スル,6.上級後半,動詞1類,動詞-一般,和語
9294,擦れ違う,スレチガウ,4.中級後半,動詞1類,動詞-一般,和語
9295,擦れる,スレル,5.上級前半,動詞2類,動詞-一般,和語
9296,ずれる,ズレル,4.中級後半,動詞2類,動詞-一般,和語
9304,座り込む,スワリコム,4.中級後半,動詞1類,動詞-一般,和語
9305,座る,スワル,2.初級後半,動詞1類,動詞-一般,和語
9423,制する,セイスル,6.上級後半,動詞3類,動詞-一般,混種語
9535,背負う,セオウ,4.中級後半,動詞1類,動詞-一般,和語
9541,せかす,セカス,5.上級前半,動詞1類,動詞-一般,和語
9542,せがむ,セガム,6.上級後半,動詞1類,動詞-一般,和語
9553,せき込む,セキコム,5.上級前半,動詞1類,動詞-一般,和語
9617,接する,セッスル,4.中級後半,動詞3類,動詞-一般,混種語
9662,狭まる,セバマル,5.上級前半,動詞1類,動詞-一般,和語
9663,狭める,セバメル,5.上級前半,動詞2類,動詞-一般,和語
9673,迫る,セマル,4.中級後半,動詞1類,動詞-一般,和語
9678,責め立てる,セメタテル,5.上級前半,動詞2類,動詞-一般,和語
9680,攻める,セメル,4.中級後半,動詞2類,動詞-一般,和語
9681,責める,セメル,4.中級後半,動詞2類,動詞-一般,和語
9931,沿う,ソウ,4.中級後半,動詞1類,動詞-一般,和語
10081,添える,ソエル,5.上級前半,動詞2類,動詞-一般,和語
10100,属する,ゾクスル,4.中級後半,動詞3類,動詞-一般,混種語
10124,損なう,ソコナウ,5.上級前半,動詞1類,動詞-非自立可能,和語
10126,損ねる,ソコネル,5.上級前半,動詞2類,動詞-一般,和語
10138,注ぐ,ソソグ,5.上級前半,動詞1類,動詞-一般,和語
10141,育つ,ソダツ,4.中級後半,動詞1類,動詞-一般,和語
10142,育て上げる,ソダテアゲル,5.上級前半,動詞2類,動詞-一般,和語
10143,育てる,ソダテル,4.中級後半,動詞2類,動詞-一般,和語
10178,備える,ソナエル,5.上級前半,動詞2類,動詞-一般,和語
10177,供える,ソナエル,6.上級後半,動詞2類,動詞-一般,和語
10179,備わる,ソナワル,5.上級前半,動詞1類,動詞-一般,和語
10215,染まる,ソマル,5.上級前半,動詞1類,動詞-一般,和語
10216,背く,ソムク,6.上級後半,動詞1類,動詞-一般,和語
10219,染め上げる,ソメアゲル,6.上級後半,動詞2類,動詞-一般,和語
10221,染める,ソメル,4.中級後半,動詞2類,動詞-一般,和語
10225,そらす,ソラス,6.上級後半,動詞1類,動詞-一般,和語
10230,そる,ソル,4.中級後半,動詞1類,動詞-一般,和語
10229,反る,ソル,5.上級前半,動詞1類,動詞-一般,和語
10252,それる,ソレル,6.上級後半,動詞2類,動詞-一般,和語
10257,そろう,ソロウ,4.中級後半,動詞1類,動詞-一般,和語
10258,そろえる,ソロエル,4.中級後半,動詞2類,動詞-一般,和語
10274,損する,ソンスル,5.上級前半,動詞3類,動詞-一般,混種語
10444,対する,タイスル,4.中級後半,動詞3類,動詞-一般,混種語
10568,絶える,タエル,5.上級前半,動詞2類,動詞-一般,和語
10569,耐える,タエル,5.上級前半,動詞2類,動詞-一般,和語
10571,倒す,タオス,4.中級後半,動詞1類,動詞-一般,和語
10573,倒れる,タオレル,3.中級前半,動詞2類,動詞-一般,和語
10593,高ぶる,タカブル,5.上級前半,動詞1類,動詞-一般,和語
10595,高まる,タカマル,5.上級前半,動詞1類,動詞-一般,和語
10597,高める,タカメル,5.上級前半,動詞2類,動詞-一般,和語
10598,耕す,タガヤス,5.上級前半,動詞1類,動詞-一般,和語
10605,たかる,タカル,6.上級後半,動詞1類,動詞-一般,和語
10608,抱き合う,ダキアウ,4.中級後半,動詞1類,動詞-一般,和語
10609,抱き上げる,ダキアゲル,4.中級後半,動詞2類,動詞-一般,和語
10610,抱き抱える,ダキカカエル,4.中級後半,動詞2類,動詞-一般,和語
10612,炊き込む,タキコム,5.上級前半,動詞1類,動詞-一般,和語
10614,抱き締める,ダキシメル,4.中級後半,動詞2類,動詞-一般,和語
10620,炊く,タク,3.中級前半,動詞1類,動詞-一般,和語
10622,抱く,ダク,3.中級前半,動詞1類,動詞-一般,和語
10631,託する,タクスル,6.上級後半,動詞3類,動詞-一般,混種語
10639,企む,タクラム,6.上級後半,動詞1類,動詞-一般,和語
10640,蓄える,タクワエル,5.上級前半,動詞2類,動詞-一般,和語
10657,出し合う,ダシアウ,4.中級後半,動詞1類,動詞-一般,和語
10662,確かめる,タシカメル,4.中級後半,動詞2類,動詞-一般,和語
10674,足す,タス,4.中級後半,動詞1類,動詞-一般,和語
10675,出す,ダス,2.初級後半,動詞1類,動詞-非自立可能,和語
10679,助かる,タスカル,4.中級後半,動詞1類,動詞-一般,和語
10681,助け合う,タスケアウ,4.中級後半,動詞1類,動詞-一般,和語
10682,助ける,タスケル,3.中級前半,動詞2類,動詞-一般,和語
10683,携わる,タズサワル,5.上級前半,動詞1類,動詞-一般,和語
10684,尋ねる,タズネル,3.中級前半,動詞2類,動詞-一般,和語
10685,訪ねる,タズネル,3.中級前半,動詞2類,動詞-一般,和語
10701,戦う,タタカウ,3.中級前半,動詞1類,動詞-一般,和語
10703,たたきこむ,タタキコム,5.上級前半,動詞1類,動詞-一般,和語
10704,たたき出す,タタキダス,5.上級前半,動詞1類,動詞-一般,和語
10706,たたく,タタク,4.中級後半,動詞1類,動詞-一般,和語
10709,正す,タダス,5.上級前半,動詞1類,動詞-一般,和語
10710,たたずむ,タタズム,5.上級前半,動詞1類,動詞-一般,和語
10715,畳む,タタム,3.中級前半,動詞1類,動詞-一般,和語
10716,漂う,タダヨウ,5.上級前半,動詞1類,動詞-一般,和語
10722,立ち会う,タチアウ,5.上級前半,動詞1類,動詞-一般,和語
10724,立ち上がる,タチアガル,4.中級後半,動詞1類,動詞-一般,和語
10727,立ち入る,タチイル,4.中級後半,動詞1類,動詞-一般,和語
10728,断ち切る,タチキル,5.上級前半,動詞1類,動詞-一般,和語
10730,立ち去る,タチサル,4.中級後半,動詞1類,動詞-一般,和語
10731,立ち止まる,タチドマル,4.中級後半,動詞1類,動詞-一般,和語
10732,立ち直る,タチナオル,4.中級後半,動詞1類,動詞-一般,和語
10733,立ち並ぶ,タチナラブ,5.上級前半,動詞1類,動詞-一般,和語
10735,立ち退く,タチノク,5.上級前半,動詞1類,動詞-一般,和語
10736,立ち上る,タチノボル,5.上級前半,動詞1類,動詞-一般,和語
10738,立ちはだかる,タチハダカル,6.上級後半,動詞1類,動詞-一般,和語
10741,立ち向かう,タチムカウ,5.上級前半,動詞1類,動詞-一般,和語
10743,立ち寄る,タチヨル,5.上級前半,動詞1類,動詞-一般,和語
10744,立つ,タツ,2.初級後半,動詞1類,動詞-一般,和語
10745,経つ,タツ,3.中級前半,動詞1類,動詞-一般,和語
10746,建つ,タツ,3.中級前半,動詞1類,動詞-一般,和語
10747,断つ,タツ,5.上級前半,動詞1類,動詞-一般,和語
10748,起つ,タツ,5.上級前半,動詞1類,動詞-一般,和語
10761,達する,タッスル,4.中級後半,動詞3類,動詞-一般,混種語
10781,建て替える,タテカエル,4.中級後半,動詞2類,動詞-一般,和語
10786,立て直す,タテナオス,5.上級前半,動詞1類,動詞-一般,和語
10789,立てる,タテル,2.初級後半,動詞2類,動詞-一般,和語
10800,例える,タトエル,3.中級前半,動詞2類,動詞-一般,和語
10801,たどり着く,タドリツク,5.上級前半,動詞1類,動詞-一般,和語
10803,たどる,タドル,5.上級前半,動詞1類,動詞-一般,和語
10823,楽しむ,タノシム,2.初級後半,動詞1類,動詞-一般,和語
10825,頼み込む,タノミコム,5.上級前半,動詞1類,動詞-一般,和語
10826,頼む,タノム,3.中級前半,動詞1類,動詞-一般,和語
10835,束ねる,タバネル,5.上級前半,動詞2類,動詞-一般,和語
10843,旅立つ,タビダツ,4.中級後半,動詞1類,動詞-一般,和語
10850,だぶつく,ダブツク,6.上級後半,動詞1類,動詞-一般,和語
10855,ダブる,ダブル,5.上級前半,動詞1類,動詞-一般,混種語
10861,食べる,タベル,1.初級前半,動詞2類,動詞-一般,和語
10871,だます,ダマス,4.中級後半,動詞1類,動詞-一般,和語
10877,黙りこくる,ダマリコクル,6.上級後半,動詞1類,動詞-一般,和語
10878,黙り込む,ダマリコム,5.上級前半,動詞1類,動詞-一般,和語
10879,たまる,タマル,4.中級後半,動詞1類,動詞-一般,和語
10881,貯まる,タマル,4.中級後半,動詞1類,動詞-一般,和語
10880,堪る,タマル,5.上級前半,動詞1類,動詞-一般,和語
10883,黙る,ダマル,4.中級後半,動詞1類,動詞-一般,和語
10891,ため込む,タメコム,5.上級前半,動詞1類,動詞-一般,和語
10893,試す,タメス,4.中級後半,動詞1類,動詞-一般,和語
10894,ためらう,タメラウ,5.上級前半,動詞1類,動詞-一般,和語
10895,貯める,タメル,4.中級後半,動詞2類,動詞-一般,和語
10896,ためる,タメル,4.中級後半,動詞2類,動詞-一般,和語
10900,保つ,タモツ,4.中級後半,動詞1類,動詞-一般,和語
10908,頼る,タヨル,4.中級後半,動詞1類,動詞-一般,和語
10916,垂らす,タラス,5.上級前半,動詞1類,動詞-一般,和語
10921,足りる,タリル,3.中級前半,動詞2類,動詞-一般,和語
10922,足る,タル,4.中級後半,動詞1類,動詞-一般,和語
10930,たるむ,タルム,6.上級後半,動詞1類,動詞-一般,和語
10935,垂れる,タレル,5.上級前半,動詞2類,動詞-一般,和語
11105,誓う,チカウ,5.上級前半,動詞1類,動詞-一般,和語
11106,違う,チガウ,2.初級後半,動詞1類,動詞-一般,和語
20065,近づく,チカヅク,5.上級前半,動詞1類,動詞-一般,和語
11119,近寄る,チカヨル,4.中級後半,動詞1類,動詞-一般,和語
11127,ちぎる,チギル,5.上級前半,動詞1類,動詞-一般,和語
11128,ちぎれる,チギレル,5.上級前半,動詞2類,動詞-一般,和語
11166,縮まる,チヂマル,5.上級前半,動詞1類,動詞-一般,和語
11168,縮む,チヂム,5.上級前半,動詞1類,動詞-一般,和語
11169,縮める,チヂメル,5.上級前半,動詞2類,動詞-一般,和語
11171,縮れる,チヂレル,5.上級前半,動詞2類,動詞-一般,和語
11181,ちなむ,チナム,6.上級後半,動詞1類,動詞-一般,和語
11188,ちびる,チビル,6.上級後半,動詞2類,動詞-一般,和語
11490,散らかす,チラカス,4.中級後半,動詞1類,動詞-一般,和語
11491,散らかる,チラカル,4.中級後半,動詞1類,動詞-一般,和語
11493,散らす,チラス,5.上級前半,動詞1類,動詞-一般,和語
11495,ちらつく,チラツク,5.上級前半,動詞1類,動詞-一般,和語
11497,散らばる,チラバル,5.上級前半,動詞1類,動詞-一般,和語
11508,散る,チル,4.中級後半,動詞1類,動詞-一般,和語
11549,費やす,ツイヤス,5.上級前半,動詞1類,動詞-一般,和語
11575,通ずる,ツウズル,5.上級前半,動詞3類,動詞-一般,混種語
11596,使い込む,ツカイコム,5.上級前半,動詞1類,動詞-一般,和語
11601,使い分ける,ツカイワケル,4.中級後半,動詞2類,動詞-一般,和語
11602,使う,ツカウ,2.初級後半,動詞1類,動詞-一般,和語
11603,仕える,ツカエル,5.上級前半,動詞2類,動詞-一般,和語
11604,つかさどる,ツカサドル,6.上級後半,動詞1類,動詞-一般,和語
11606,つかまえる,ツカマエル,4.中級後半,動詞2類,動詞-一般,和語
11607,捕まえる,ツカマエル,4.中級後半,動詞2類,動詞-一般,和語
11608,つかまる,ツカマル,4.中級後半,動詞1類,動詞-一般,和語
11609,捕まる,ツカマル,4.中級後半,動詞1類,動詞-一般,和語
11611,つかむ,ツカム,4.中級後半,動詞1類,動詞-一般,和語
11612,浸かる,ツカル,5.上級前半,動詞1類,動詞-一般,和語
11613,漬かる,ツカル,5.上級前半,動詞1類,動詞-一般,和語
11615,疲れる,ツカレル,2.初級後半,動詞2類,動詞-一般,和語
11625,付き合う,ツキアウ,4.中級後半,動詞1類,動詞-一般,和語
11627,突き当たる,ツキアタル,3.中級前半,動詞1類,動詞-一般,和語
11628,突き合わせる,ツキアワセル,5.上級前半,動詞2類,動詞-一般,和語
11629,突き落とす,ツキオトス,4.中級後半,動詞1類,動詞-一般,和語
11630,突き刺さる,ツキササル,4.中級後半,動詞1類,動詞-一般,和語
11631,突き刺す,ツキサス,4.中級後半,動詞1類,動詞-一般,和語
11632,付き添う,ツキソウ,5.上級前半,動詞1類,動詞-一般,和語
11633,突き出す,ツキダス,5.上級前半,動詞1類,動詞-一般,和語
11637,突き詰める,ツキツメル,5.上級前半,動詞2類,動詞-一般,和語
11638,突き出る,ツキデル,5.上級前半,動詞2類,動詞-一般,和語
11639,突き飛ばす,ツキトバス,4.中級後半,動詞1類,動詞-一般,和語
11640,突き止める,ツキトメル,5.上級前半,動詞2類,動詞-一般,和語
11642,突き抜ける,ツキヌケル,5.上級前半,動詞2類,動詞-一般,和語
11646,突き破る,ツキヤブル,5.上級前半,動詞1類,動詞-一般,和語
11647,尽きる,ツキル,5.上級前半,動詞2類,動詞-一般,和語
11650,着く,ツク,3.中級前半,動詞1類,動詞-一般,和語
11653,点く,ツク,3.中級前半,動詞1類,動詞-一般,和語
11648,就く,ツク,4.中級後半,動詞1類,動詞-一般,和語
11651,突く,ツク,4.中級後半,動詞1類,動詞-一般,和語
11654,次ぐ,ツグ,4.中級後半,動詞1類,動詞-一般,和語
11655,継ぐ,ツグ,5.上級前半,動詞1類,動詞-一般,和語
20066,償う,ツグナウ,6.上級後半,動詞1類,動詞-一般,和語
11663,作り上げる,ツクリアゲル,4.中級後半,動詞2類,動詞-一般,和語
11664,作り出す,ツクリダス,4.中級後半,動詞1類,動詞-一般,和語
11665,作り直す,ツクリナオス,4.中級後半,動詞1類,動詞-一般,和語
11668,作る,ツクル,1.初級前半,動詞1類,動詞-一般,和語
11669,造る,ツクル,3.中級前半,動詞1類,動詞-一般,和語
11670,繕う,ツクロウ,6.上級後半,動詞1類,動詞-一般,和語
11676,付け替える,ツケカエル,4.中級後半,動詞2類,動詞-一般,和語
11677,付け加える,ツケクワエル,4.中級後半,動詞2類,動詞-一般,和語
11678,漬け込む,ツケコム,6.上級後半,動詞1類,動詞-一般,和語
11680,付ける,ツケル,3.中級前半,動詞2類,動詞-非自立可能,和語
11683,点ける,ツケル,3.中級前半,動詞2類,動詞-一般,和語
11684,着ける,ツケル,3.中級前半,動詞2類,動詞-一般,和語
11681,漬ける,ツケル,4.中級後半,動詞2類,動詞-一般,和語
11682,つける,ツケル,5.上級前半,動詞2類,動詞-一般,和語
11685,告げる,ツゲル,5.上級前半,動詞2類,動詞-一般,和語
11690,伝う,ツタウ,5.上級前半,動詞1類,動詞-一般,和語
11692,伝え聞く,ツタエキク,5.上級前半,動詞1類,動詞-一般,和語
11693,伝える,ツタエル,3.中級前半,動詞2類,動詞-一般,和語
11694,伝わる,ツタワル,4.中級後半,動詞1類,動詞-一般,和語
11697,突っ掛かる,ツッカカル,6.上級後半,動詞1類,動詞-一般,和語
11700,続く,ツヅク,3.中級前半,動詞1類,動詞-非自立可能,和語
11703,慎む,ツツシム,5.上級前半,動詞1類,動詞-一般,和語
11705,突っ走る,ツッパシル,5.上級前半,動詞1類,動詞-一般,和語
11706,突っ張る,ツッパル,5.上級前半,動詞1類,動詞-一般,和語
11708,包む,ツツム,3.中級前半,動詞1類,動詞-一般,和語
11710,つづる,ツヅル,6.上級後半,動詞1類,動詞-一般,和語
11714,集う,ツドウ,5.上級前半,動詞1類,動詞-一般,和語
11715,務まる,ツトマル,5.上級前半,動詞1類,動詞-一般,和語
11719,勤める,ツトメル,3.中級前半,動詞2類,動詞-一般,和語
11720,務める,ツトメル,4.中級後半,動詞2類,動詞-一般,和語
11721,努める,ツトメル,4.中級後半,動詞2類,動詞-一般,和語
11726,つながる,ツナガル,4.中級後半,動詞1類,動詞-一般,和語
11728,つなぐ,ツナグ,4.中級後半,動詞1類,動詞-一般,和語
11729,つなげる,ツナゲル,4.中級後半,動詞2類,動詞-一般,和語
11737,募る,ツノル,5.上級前半,動詞1類,動詞-一般,和語
11745,潰す,ツブス,5.上級前半,動詞1類,動詞-一般,和語
11748,つぶやく,ツブヤク,5.上級前半,動詞1類,動詞-一般,和語
11749,つぶる,ツブル,5.上級前半,動詞1類,動詞-一般,和語
11750,潰れる,ツブレル,4.中級後半,動詞2類,動詞-一般,和語
11756,つまづく,ツマズク,4.中級後半,動詞1類,動詞-一般,和語
11758,つまむ,ツマム,5.上級前半,動詞1類,動詞-一般,和語
11762,詰まる,ツマル,4.中級後半,動詞1類,動詞-一般,和語
11764,積み上げる,ツミアゲル,4.中級後半,動詞2類,動詞-一般,和語
11765,積み重なる,ツミカサナル,4.中級後半,動詞1類,動詞-一般,和語
11766,積み重ねる,ツミカサネル,4.中級後半,動詞2類,動詞-一般,和語
11768,積み込む,ツミコム,4.中級後半,動詞1類,動詞-一般,和語
11769,積み立てる,ツミタテル,5.上級前半,動詞2類,動詞-一般,和語
11771,積む,ツム,3.中級前半,動詞1類,動詞-一般,和語
11772,摘む,ツム,5.上級前半,動詞1類,動詞-一般,和語
11778,詰め替える,ツメカエル,4.中級後半,動詞2類,動詞-一般,和語
11779,詰め掛ける,ツメカケル,6.上級後半,動詞2類,動詞-一般,和語
11781,詰め込む,ツメコム,4.中級後半,動詞1類,動詞-一般,和語
11783,詰める,ツメル,4.中級後半,動詞2類,動詞-一般,和語
11785,積もる,ツモル,4.中級後半,動詞1類,動詞-一般,和語
11797,強まる,ツヨマル,4.中級後半,動詞1類,動詞-一般,和語
11798,強める,ツヨメル,4.中級後半,動詞2類,動詞-一般,和語
11802,連なる,ツラナル,5.上級前半,動詞1類,動詞-一般,和語
11803,貫き通す,ツラヌキトオス,5.上級前半,動詞1類,動詞-一般,和語
11804,貫く,ツラヌク,5.上級前半,動詞1類,動詞-一般,和語
11805,連ねる,ツラネル,5.上級前半,動詞2類,動詞-一般,和語
11807,つり上げる,ツリアゲル,5.上級前半,動詞2類,動詞-一般,和語
11808,つり下げる,ツリサゲル,5.上級前半,動詞2類,動詞-一般,和語
11811,つる,ツル,5.上級前半,動詞1類,動詞-一般,和語
11814,つるす,ツルス,5.上級前半,動詞1類,動詞-一般,和語
11819,連れ出す,ツレダス,4.中級後半,動詞1類,動詞-一般,和語
11820,連れ戻す,ツレモドス,4.中級後半,動詞1類,動詞-一般,和語
11821,連れる,ツレル,4.中級後半,動詞2類,動詞-一般,和語
11824,つんのめる,ツンノメル,6.上級後半,動詞1類,動詞-一般,和語
11843,出会う,デアウ,3.中級前半,動詞1類,動詞-一般,和語
11969,手掛ける,テガケル,5.上級前半,動詞2類,動詞-一般,和語
11970,出掛ける,デカケル,2.初級後半,動詞2類,動詞-一般,和語
11981,出来上がる,デキアガル,4.中級後半,動詞1類,動詞-一般,和語
11993,適する,テキスル,4.中級後半,動詞3類,動詞-一般,混種語
12009,出来る,デキル,2.初級後半,動詞2類,動詞-非自立可能,和語
12039,出しゃばる,デシャバル,5.上級前半,動詞1類,動詞-一般,和語
12073,徹する,テッスル,5.上級前半,動詞3類,動詞-一般,混種語
12077,手伝う,テツダウ,3.中級前半,動詞1類,動詞-一般,和語
12084,出っ張る,デッパル,5.上級前半,動詞1類,動詞-一般,和語
12094,出直す,デナオス,5.上級前半,動詞1類,動詞-一般,和語
12111,手放す,テバナス,4.中級後半,動詞1類,動詞-一般,和語
12128,手間取る,テマドル,5.上級前半,動詞1類,動詞-一般,和語
12129,出回る,デマワル,4.中級後半,動詞1類,動詞-一般,和語
12132,出迎える,デムカエル,4.中級後半,動詞2類,動詞-一般,和語
12133,出向く,デムク,5.上級前半,動詞1類,動詞-一般,和語
12143,照らし合わせる,テラシアワセル,5.上級前半,動詞2類,動詞-一般,和語
12144,照らす,テラス,4.中級後半,動詞1類,動詞-一般,和語
12150,照る,テル,4.中級後半,動詞1類,動詞-一般,和語
12151,出る,デル,2.初級後半,動詞2類,動詞-一般,和語
12158,照れる,テレル,4.中級後半,動詞2類,動詞-一般,和語
12162,手渡す,テワタス,4.中級後半,動詞1類,動詞-一般,和語
12237,転ずる,テンズル,6.上級後半,動詞3類,動詞-一般,混種語
12330,問い合わせる,トイアワセル,4.中級後半,動詞2類,動詞-一般,和語
12331,問い返す,トイカエス,5.上級前半,動詞1類,動詞-一般,和語
12332,問い掛ける,トイカケル,5.上級前半,動詞2類,動詞-一般,和語
12346,問う,トウ,4.中級後半,動詞1類,動詞-一般,和語
12463,投ずる,トウズル,6.上級後半,動詞3類,動詞-一般,混種語
12464,動ずる,ドウズル,6.上級後半,動詞3類,動詞-一般,混種語
12505,尊ぶ,トウトブ,5.上級前半,動詞1類,動詞-一般,和語
12583,遠ざかる,トオザカル,5.上級前半,動詞1類,動詞-一般,和語
12584,遠ざける,トオザケル,5.上級前半,動詞2類,動詞-一般,和語
12585,通す,トオス,3.中級前半,動詞1類,動詞-非自立可能,和語
12602,通り掛かる,トオリカカル,4.中級後半,動詞1類,動詞-一般,和語
12603,通り越す,トオリコス,5.上級前半,動詞1類,動詞-一般,和語
12604,通り過ぎる,トオリスギル,4.中級後半,動詞2類,動詞-一般,和語
12607,通り抜ける,トオリヌケル,4.中級後半,動詞2類,動詞-一般,和語
12608,通る,トオル,3.中級前半,動詞1類,動詞-一般,和語
12612,溶かす,トカス,4.中級後半,動詞1類,動詞-一般,和語
12613,とがめる,トガメル,5.上級前半,動詞2類,動詞-一般,和語
12614,とがる,トガル,5.上級前半,動詞1類,動詞-一般,和語
12625,解き放す,トキハナス,5.上級前半,動詞1類,動詞-一般,和語
12628,ときめく,トキメク,5.上級前半,動詞1類,動詞-一般,和語
12632,途切れる,トギレル,5.上級前半,動詞2類,動詞-一般,和語
12633,溶く,トク,4.中級後半,動詞1類,動詞-一般,和語
12634,解く,トク,4.中級後半,動詞1類,動詞-一般,和語
12635,説く,トク,5.上級前半,動詞1類,動詞-一般,和語
12638,研ぐ,トグ,6.上級後半,動詞1類,動詞-一般,和語
12640,どく,ドク,4.中級後半,動詞1類,動詞-一般,和語
12663,得する,トクスル,4.中級後半,動詞3類,動詞-一般,混種語
12698,溶け合う,トケアウ,5.上級前半,動詞1類,動詞-一般,和語
12701,溶け込む,トケコム,5.上級前半,動詞1類,動詞-一般,和語
12702,溶ける,トケル,4.中級後半,動詞2類,動詞-一般,和語
12703,解ける,トケル,4.中級後半,動詞2類,動詞-一般,和語
12704,遂げる,トゲル,5.上級前半,動詞2類,動詞-一般,和語
12705,どける,ドケル,5.上級前半,動詞2類,動詞-一般,和語
12724,閉ざす,トザス,5.上級前半,動詞1類,動詞-一般,和語
12730,年老いる,トシオイル,5.上級前半,動詞2類,動詞-一般,和語
12735,閉じ込める,トジコメル,4.中級後半,動詞2類,動詞-一般,和語
12752,閉じる,トジル,3.中級前半,動詞2類,動詞-一般,和語
12760,途絶える,トダエル,5.上級前半,動詞2類,動詞-一般,和語
12780,嫁ぐ,トツグ,5.上級前半,動詞1類,動詞-一般,和語
12794,とっちめる,トッチメル,6.上級後半,動詞2類,動詞-一般,和語
12809,届く,トドク,2.初級後半,動詞1類,動詞-一般,和語
12812,届け出る,トドケデル,4.中級後半,動詞2類,動詞-一般,和語
12813,届ける,トドケル,3.中級前半,動詞2類,動詞-一般,和語
12814,滞る,トドコオル,5.上級前半,動詞1類,動詞-一般,和語
12815,整う,トトノウ,4.中級後半,動詞1類,動詞-一般,和語
12816,整える,トトノエル,4.中級後半,動詞2類,動詞-一般,和語
12817,とどまる,トドマル,5.上級前半,動詞1類,動詞-一般,和語
12818,とどめる,トドメル,5.上級前半,動詞2類,動詞-一般,和語
12821,唱える,トナエル,5.上級前半,動詞2類,動詞-一般,和語
12825,隣り合う,トナリアウ,5.上級前半,動詞1類,動詞-一般,和語
12826,怒鳴る,ドナル,4.中級後半,動詞1類,動詞-一般,和語
12836,飛ばす,トバス,4.中級後半,動詞1類,動詞-一般,和語
12837,飛び上がる,トビアガル,4.中級後半,動詞1類,動詞-一般,和語
12839,飛び起きる,トビオキル,4.中級後半,動詞2類,動詞-一般,和語
12840,飛び降りる,トビオリル,4.中級後半,動詞2類,動詞-一般,和語
12841,飛び交う,トビカウ,5.上級前半,動詞1類,動詞-一般,和語
12843,飛び越える,トビコエル,5.上級前半,動詞2類,動詞-一般,和語
12844,飛び越す,トビコス,5.上級前半,動詞1類,動詞-一般,和語
12846,飛び込む,トビコム,4.中級後半,動詞1類,動詞-一般,和語
12848,飛び出す,トビダス,4.中級後半,動詞1類,動詞-一般,和語
12849,飛び立つ,トビタツ,5.上級前半,動詞1類,動詞-一般,和語
12850,飛び散る,トビチル,5.上級前半,動詞1類,動詞-一般,和語
12851,飛び付く,トビツク,5.上級前半,動詞1類,動詞-一般,和語
12853,飛び出る,トビデル,4.中級後半,動詞2類,動詞-一般,和語
12854,飛び乗る,トビノル,4.中級後半,動詞1類,動詞-一般,和語
12855,飛び回る,トビマワル,4.中級後半,動詞1類,動詞-一般,和語
12859,飛ぶ,トブ,2.初級後半,動詞1類,動詞-一般,和語
12860,跳ぶ,トブ,3.中級前半,動詞1類,動詞-一般,和語
12868,戸惑う,トマドウ,5.上級前半,動詞1類,動詞-一般,和語
12871,止まる,トマル,2.初級後半,動詞1類,動詞-一般,和語
12872,泊まる,トマル,3.中級前半,動詞1類,動詞-一般,和語
12873,留まる,トマル,4.中級後半,動詞1類,動詞-一般,和語
12875,富む,トム,5.上級前半,動詞1類,動詞-一般,和語
12877,止める,トメル,3.中級前半,動詞2類,動詞-一般,和語
12878,泊める,トメル,3.中級前半,動詞2類,動詞-一般,和語
12879,留める,トメル,3.中級前半,動詞2類,動詞-一般,和語
12892,ともす,トモス,5.上級前半,動詞1類,動詞-一般,和語
12895,伴う,トモナウ,4.中級後半,動詞1類,動詞-一般,和語
12915,捉える,トラエル,5.上級前半,動詞2類,動詞-一般,和語
12916,捕らえる,トラエル,5.上級前半,動詞2類,動詞-一般,和語
12928,捕らわれる,トラワレル,5.上級前半,動詞2類,動詞-一般,和語
12940,取り合う,トリアウ,4.中級後半,動詞1類,動詞-一般,和語
12943,取り上げる,トリアゲル,4.中級後半,動詞2類,動詞-一般,和語
12945,取り扱う,トリアツカウ,5.上級前半,動詞1類,動詞-一般,和語
12949,取り入れる,トリイレル,4.中級後半,動詞2類,動詞-一般,和語
12951,執り行う,トリオコナウ,6.上級後半,動詞1類,動詞-一般,和語
12953,取り返す,トリカエス,4.中級後半,動詞1類,動詞-一般,和語
12954,取り替える,トリカエル,4.中級後半,動詞2類,動詞-一般,和語
12955,取り囲む,トリカコム,4.中級後半,動詞1類,動詞-一般,和語
12957,取り決める,トリキメル,5.上級前半,動詞2類,動詞-一般,和語
12958,取り組む,トリクム,4.中級後半,動詞1類,動詞-一般,和語
12960,取り消す,トリケス,4.中級後半,動詞1類,動詞-一般,和語
12962,取り込む,トリコム,4.中級後半,動詞1類,動詞-一般,和語
12963,取り壊す,トリコワス,5.上級前半,動詞1類,動詞-一般,和語
12964,取り下げる,トリサゲル,5.上級前半,動詞2類,動詞-一般,和語
12966,取り去る,トリサル,5.上級前半,動詞1類,動詞-一般,和語
12967,取り仕切る,トリシキル,5.上級前半,動詞1類,動詞-一般,和語
12968,取り締まる,トリシマル,5.上級前半,動詞1類,動詞-一般,和語
12970,取りそろえる,トリソロエル,5.上級前半,動詞2類,動詞-一般,和語
12971,取り出す,トリダス,4.中級後半,動詞1類,動詞-一般,和語
12973,取り違える,トリチガエル,5.上級前半,動詞2類,動詞-一般,和語
12977,取り付く,トリツク,5.上級前半,動詞1類,動詞-一般,和語
12978,取り付ける,トリツケル,5.上級前半,動詞2類,動詞-一般,和語
12979,取り残す,トリノコス,5.上級前半,動詞1類,動詞-一般,和語
12980,取り除く,トリノゾク,5.上級前半,動詞1類,動詞-一般,和語
12981,取り計らう,トリハカラウ,6.上級後半,動詞1類,動詞-一般,和語
12983,取り外す,トリハズス,5.上級前半,動詞1類,動詞-一般,和語
12989,取り巻く,トリマク,5.上級前半,動詞1類,動詞-一般,和語
12990,取り戻す,トリモドス,4.中級後半,動詞1類,動詞-一般,和語
12991,取りやめる,トリヤメル,5.上級前半,動詞2類,動詞-一般,和語
12994,取り寄せる,トリヨセル,5.上級前半,動詞2類,動詞-一般,和語
12997,取り分ける,トリワケル,5.上級前半,動詞2類,動詞-一般,和語
12999,取る,トル,2.初級後半,動詞1類,動詞-一般,和語
13000,撮る,トル,2.初級後半,動詞1類,動詞-一般,和語
13002,捕る,トル,4.中級後半,動詞1類,動詞-一般,和語
13003,採る,トル,4.中級後半,動詞1類,動詞-一般,和語
13001,執る,トル,5.上級前半,動詞1類,動詞-一般,和語
13021,取れる,トレル,3.中級前半,動詞2類,動詞-一般,和語
13026,とろける,トロケル,5.上級前半,動詞2類,動詞-一般,和語
13112,直す,ナオス,3.中級前半,動詞1類,動詞-非自立可能,和語
13113,治す,ナオス,3.中級前半,動詞1類,動詞-一般,和語
13114,治る,ナオル,3.中級前半,動詞1類,動詞-一般,和語
13115,直る,ナオル,3.中級前半,動詞1類,動詞-一般,和語
13126,流し込む,ナガシコム,5.上級前半,動詞1類,動詞-一般,和語
13128,泣かす,ナカス,4.中級後半,動詞1類,動詞-一般,和語
13129,流す,ナガス,3.中級前半,動詞1類,動詞-一般,和語
13143,長引く,ナガビク,4.中級後半,動詞1類,動詞-一般,和語
13151,眺める,ナガメル,4.中級後半,動詞2類,動詞-一般,和語
13157,流れ込む,ナガレコム,4.中級後半,動詞1類,動詞-一般,和語
13158,流れる,ナガレル,3.中級前半,動詞2類,動詞-一般,和語
13163,泣き叫ぶ,ナキサケブ,4.中級後半,動詞1類,動詞-一般,和語
13164,泣く,ナク,3.中級前半,動詞1類,動詞-一般,和語
13165,鳴く,ナク,3.中級前半,動詞1類,動詞-一般,和語
13167,慰める,ナグサメル,4.中級後半,動詞2類,動詞-一般,和語
13168,無くす,ナクス,3.中級前半,動詞1類,動詞-一般,和語
13169,亡くす,ナクス,4.中級後半,動詞1類,動詞-一般,和語
13171,無くなる,ナクナル,3.中級前半,動詞1類,動詞-一般,和語
13172,亡くなる,ナクナル,3.中級前半,動詞1類,動詞-一般,和語
13173,殴る,ナグル,3.中級前半,動詞1類,動詞-一般,和語
13175,投げ入れる,ナゲイレル,4.中級後半,動詞2類,動詞-一般,和語
13176,投げ掛ける,ナゲカケル,5.上級前半,動詞2類,動詞-一般,和語
13179,嘆く,ナゲク,5.上級前半,動詞1類,動詞-一般,和語
13180,投げ込む,ナゲコム,4.中級後半,動詞1類,動詞-一般,和語
13181,投げ捨てる,ナゲステル,4.中級後半,動詞2類,動詞-一般,和語
13182,投げ飛ばす,ナゲトバス,4.中級後半,動詞1類,動詞-一般,和語
13183,投げる,ナゲル,3.中級前半,動詞2類,動詞-一般,和語
13185,和む,ナゴム,6.上級後半,動詞1類,動詞-一般,和語
13193,なさる,ナサル,3.中級前半,動詞1類,動詞-非自立可能,和語
13196,成し遂げる,ナシトゲル,5.上級前半,動詞2類,動詞-一般,和語
13198,なじむ,ナジム,6.上級後半,動詞1類,動詞-一般,和語
13201,成す,ナス,4.中級後半,動詞1類,動詞-一般,和語
13207,なぞる,ナゾル,6.上級後半,動詞1類,動詞-一般,和語
13213,懐かしむ,ナツカシム,4.中級後半,動詞1類,動詞-一般,和語
13214,懐く,ナツク,5.上級前半,動詞1類,動詞-一般,和語
13215,名付ける,ナヅケル,4.中級後半,動詞2類,動詞-一般,和語
13224,なでる,ナデル,4.中級後半,動詞2類,動詞-一般,和語
13262,名乗り出る,ナノリデル,5.上級前半,動詞2類,動詞-一般,和語
13263,名乗る,ナノル,5.上級前半,動詞1類,動詞-一般,和語
13276,怠ける,ナマケル,4.中級後半,動詞2類,動詞-一般,和語
13289,なまる,ナマル,5.上級前半,動詞1類,動詞-一般,和語
13296,涙ぐむ,ナミダグム,5.上級前半,動詞1類,動詞-一般,和語
13301,なめる,ナメル,5.上級前半,動詞2類,動詞-一般,和語
13302,悩ます,ナヤマス,5.上級前半,動詞1類,動詞-一般,和語
13304,悩む,ナヤム,4.中級後半,動詞1類,動詞-一般,和語
13308,習う,ナラウ,3.中級前半,動詞1類,動詞-一般,和語
13309,倣う,ナラウ,5.上級前半,動詞1類,動詞-一般,和語
13311,鳴らす,ナラス,3.中級前半,動詞1類,動詞-一般,和語
13310,慣らす,ナラス,5.上級前半,動詞1類,動詞-一般,和語
13314,並ぶ,ナラブ,3.中級前半,動詞1類,動詞-一般,和語
13315,並べる,ナラベル,3.中級前半,動詞2類,動詞-一般,和語
13316,習わす,ナラワス,4.中級後半,動詞1類,動詞-非自立可能,和語
13319,成り上がる,ナリアガル,6.上級後半,動詞1類,動詞-一般,和語
13321,成り立つ,ナリタツ,5.上級前半,動詞1類,動詞-一般,和語
13324,成る,ナル,2.初級後半,動詞1類,動詞-非自立可能,和語
13325,鳴る,ナル,3.中級前半,動詞1類,動詞-一般,和語
13337,慣れる,ナレル,3.中級前半,動詞2類,動詞-非自立可能,和語
13386,似合う,ニアウ,3.中級前半,動詞1類,動詞-一般,和語
13390,煮える,ニエル,4.中級後半,動詞2類,動詞-一般,和語
13394,匂う,ニオウ,3.中級前半,動詞1類,動詞-一般,和語
13398,逃がす,ニガス,4.中級後半,動詞1類,動詞-一般,和語
20076,似通う,ニカヨウ,5.上級前半,動詞1類,動詞-一般,和語
13409,握り締める,ニギリシメル,4.中級後半,動詞2類,動詞-一般,和語
13410,握る,ニギル,3.中級前半,動詞1類,動詞-一般,和語
13412,にぎわう,ニギワウ,4.中級後半,動詞1類,動詞-一般,和語
13424,憎む,ニクム,4.中級後半,動詞1類,動詞-一般,和語
13428,逃げ込む,ニゲコム,5.上級前半,動詞1類,動詞-一般,和語
13429,逃げ出す,ニゲダス,5.上級前半,動詞1類,動詞-一般,和語
13430,逃げ回る,ニゲマワル,4.中級後半,動詞1類,動詞-一般,和語
13431,逃げる,ニゲル,3.中級前半,動詞2類,動詞-一般,和語
13433,濁す,ニゴス,5.上級前半,動詞1類,動詞-一般,和語
13437,煮込む,ニコム,5.上級前半,動詞1類,動詞-一般,和語
13440,濁る,ニゴル,5.上級前半,動詞1類,動詞-一般,和語
13450,にじむ,ニジム,6.上級後半,動詞1類,動詞-一般,和語
13462,似せる,ニセル,5.上級前半,動詞2類,動詞-一般,和語
13464,煮出す,ニダス,6.上級後半,動詞1類,動詞-一般,和語
13466,煮立つ,ニタツ,5.上級前半,動詞1類,動詞-一般,和語
13508,煮詰める,ニツメル,5.上級前半,動詞2類,動詞-一般,和語
13511,担う,ニナウ,5.上級前半,動詞1類,動詞-一般,和語
13517,鈍る,ニブル,5.上級前半,動詞1類,動詞-一般,和語
13579,にらむ,ニラム,4.中級後半,動詞1類,動詞-一般,和語
13581,似る,ニル,3.中級前半,動詞2類,動詞-一般,和語
13582,煮る,ニル,4.中級後半,動詞2類,動詞-一般,和語
13628,縫う,ヌウ,4.中級後半,動詞1類,動詞-一般,和語
13632,抜かす,ヌカス,5.上級前半,動詞1類,動詞-一般,和語
13634,抜き出す,ヌキダス,5.上級前半,動詞1類,動詞-一般,和語
13635,抜き取る,ヌキトル,5.上級前半,動詞1類,動詞-一般,和語
13636,抜く,ヌク,4.中級後半,動詞1類,動詞-非自立可能,和語
13637,脱ぐ,ヌグ,2.初級後半,動詞1類,動詞-一般,和語
13638,拭う,ヌグウ,6.上級後半,動詞1類,動詞-一般,和語
13643,抜け出す,ヌケダス,5.上級前半,動詞1類,動詞-一般,和語
13644,抜け出る,ヌケデル,5.上級前半,動詞2類,動詞-一般,和語
13645,抜ける,ヌケル,4.中級後半,動詞2類,動詞-非自立可能,和語
13646,脱げる,ヌゲル,5.上級前半,動詞2類,動詞-一般,和語
13649,盗む,ヌスム,3.中級前半,動詞1類,動詞-一般,和語
13654,ぬらす,ヌラス,5.上級前半,動詞1類,動詞-一般,和語
13657,塗りたくる,ヌリタクル,5.上級前半,動詞1類,動詞-一般,和語
13659,塗る,ヌル,4.中級後半,動詞1類,動詞-一般,和語
13661,ぬれる,ヌレル,4.中級後半,動詞2類,動詞-一般,和語
13678,願い出る,ネガイデル,5.上級前半,動詞2類,動詞-一般,和語
13679,願う,ネガウ,4.中級後半,動詞1類,動詞-非自立可能,和語
13681,寝かす,ネカス,4.中級後半,動詞1類,動詞-一般,和語
13682,寝かせる,ネカセル,4.中級後半,動詞2類,動詞-一般,和語
13685,値切る,ネギル,4.中級後半,動詞1類,動詞-一般,和語
13691,寝転がる,ネコロガル,5.上級前半,動詞1類,動詞-一般,和語
13692,寝転ぶ,ネコロブ,5.上級前半,動詞1類,動詞-一般,和語
13699,ねたむ,ネタム,5.上級前半,動詞1類,動詞-一般,和語
13706,根付く,ネヅク,6.上級後半,動詞1類,動詞-一般,和語
13710,熱する,ネッスル,5.上級前半,動詞3類,動詞-一般,混種語
20079,粘る,ネバル,6.上級後半,動詞1類,動詞-一般,和語
13731,ねぼける,ネボケル,5.上級前半,動詞2類,動詞-一般,和語
13735,眠り込む,ネムリコム,4.中級後半,動詞1類,動詞-一般,和語
13736,眠る,ネムル,3.中級前半,動詞1類,動詞-一般,和語
13739,狙う,ネラウ,4.中級後半,動詞1類,動詞-一般,和語
13740,寝る,ネル,1.初級前半,動詞2類,動詞-一般,和語
13741,練る,ネル,5.上級前半,動詞1類,動詞-一般,和語
13845,逃す,ノガス,5.上級前半,動詞1類,動詞-一般,和語
13846,逃れる,ノガレル,5.上級前半,動詞2類,動詞-一般,和語
13850,のく,ノク,6.上級後半,動詞1類,動詞-一般,和語
13851,のける,ノケル,6.上級後半,動詞2類,動詞-一般,和語
13853,残す,ノコス,3.中級前半,動詞1類,動詞-一般,和語
13856,残る,ノコル,3.中級前半,動詞1類,動詞-一般,和語
13857,のさばる,ノサバル,6.上級後半,動詞1類,動詞-一般,和語
13859,乗せる,ノセル,4.中級後半,動詞2類,動詞-一般,和語
13860,載せる,ノセル,4.中級後半,動詞2類,動詞-一般,和語
13861,のぞきこむ,ノゾキコム,5.上級前半,動詞1類,動詞-一般,和語
13862,のぞく,ノゾク,4.中級後半,動詞1類,動詞-一般,和語
13863,除く,ノゾク,4.中級後半,動詞1類,動詞-一般,和語
13867,望む,ノゾム,4.中級後半,動詞1類,動詞-一般,和語
13868,臨む,ノゾム,5.上級前半,動詞1類,動詞-一般,和語
13871,乗っかる,ノッカル,6.上級後半,動詞1類,動詞-一般,和語
13873,乗っける,ノッケル,6.上級後半,動詞2類,動詞-一般,和語
13878,罵る,ノノシル,6.上級後半,動詞1類,動詞-一般,和語
13879,伸ばす,ノバス,4.中級後半,動詞1類,動詞-一般,和語
13880,延ばす,ノバス,4.中級後半,動詞1類,動詞-一般,和語
13884,伸び悩む,ノビナヤム,5.上級前半,動詞1類,動詞-一般,和語
13888,伸びる,ノビル,4.中級後半,動詞2類,動詞-一般,和語
13889,延びる,ノビル,4.中級後半,動詞2類,動詞-一般,和語
13893,述べる,ノベル,4.中級後半,動詞2類,動詞-一般,和語
13899,登る,ノボル,2.初級後半,動詞1類,動詞-一般,和語
13898,上る,ノボル,3.中級前半,動詞1類,動詞-一般,和語
13900,昇る,ノボル,3.中級前半,動詞1類,動詞-一般,和語
13901,飲ます,ノマス,4.中級後半,動詞1類,動詞-一般,和語
13905,飲み込む,ノミコム,5.上級前半,動詞1類,動詞-一般,和語
13909,飲む,ノム,1.初級前半,動詞1類,動詞-一般,和語
13910,のめり込む,ノメリコム,5.上級前半,動詞1類,動詞-一般,和語
13921,乗り上げる,ノリアゲル,5.上級前半,動詞2類,動詞-一般,和語
13922,乗り合わせる,ノリアワセル,5.上級前半,動詞2類,動詞-一般,和語
13924,乗り入れる,ノリイレル,5.上級前半,動詞2類,動詞-一般,和語
13925,乗り遅れる,ノリオクレル,4.中級後半,動詞2類,動詞-一般,和語
13928,乗り換える,ノリカエル,3.中級前半,動詞2類,動詞-一般,和語
13929,乗り切る,ノリキル,5.上級前半,動詞1類,動詞-一般,和語
13930,乗り組む,ノリクム,6.上級後半,動詞1類,動詞-一般,和語
13931,乗り越える,ノリコエル,5.上級前半,動詞2類,動詞-一般,和語
13933,乗り越す,ノリコス,4.中級後半,動詞1類,動詞-一般,和語
13934,乗り込む,ノリコム,5.上級前半,動詞1類,動詞-一般,和語
13935,乗り出す,ノリダス,5.上級前半,動詞1類,動詞-一般,和語
13936,乗り継ぐ,ノリツグ,5.上級前半,動詞1類,動詞-一般,和語
13939,乗り回す,ノリマワス,5.上級前半,動詞1類,動詞-一般,和語
13941,乗る,ノル,2.初級後半,動詞1類,動詞-一般,和語
13942,載る,ノル,4.中級後半,動詞1類,動詞-一般,和語
13948,呪う,ノロウ,5.上級前半,動詞1類,動詞-一般,和語
14109,入り込む,ハイリコム,5.上級前半,動詞1類,動詞-一般,和語
14113,入る,ハイル,2.初級後半,動詞1類,動詞-一般,和語
14118,はう,ハウ,5.上級前半,動詞1類,動詞-一般,和語
14124,生える,ハエル,4.中級後半,動詞2類,動詞-一般,和語
14125,映える,ハエル,5.上級前半,動詞2類,動詞-一般,和語
14127,羽織る,ハオル,6.上級後半,動詞1類,動詞-一般,和語
14135,馬鹿げる,バカゲル,5.上級前半,動詞2類,動詞-一般,混種語
14136,剥がす,ハガス,5.上級前半,動詞1類,動詞-一般,和語
14138,はかどる,ハカドル,5.上級前半,動詞1類,動詞-一般,和語
14147,測る,ハカル,4.中級後半,動詞1類,動詞-一般,和語
14148,図る,ハカル,5.上級前半,動詞1類,動詞-一般,和語
14149,剥がれる,ハガレル,5.上級前半,動詞2類,動詞-一般,和語
14153,吐き捨てる,ハキステル,5.上級前半,動詞2類,動詞-一般,和語
14154,吐き出す,ハキダス,5.上級前半,動詞1類,動詞-一般,和語
14159,履く,ハク,2.初級後半,動詞1類,動詞-一般,和語
14163,吐く,ハク,3.中級前半,動詞1類,動詞-一般,和語
14165,剥ぐ,ハグ,6.上級後半,動詞1類,動詞-一般,和語
14169,育む,ハグクム,6.上級後半,動詞1類,動詞-一般,和語
14203,ぱくる,パクル,5.上級前半,動詞1類,動詞-一般,和語
14205,はぐれる,ハグレル,5.上級前半,動詞2類,動詞-一般,和語
14210,励ます,ハゲマス,4.中級後半,動詞1類,動詞-一般,和語
14211,励む,ハゲム,5.上級前半,動詞1類,動詞-一般,和語
14213,剥げる,ハゲル,5.上級前半,動詞2類,動詞-一般,和語
14214,はげる,ハゲル,5.上級前半,動詞2類,動詞-一般,和語
14215,化ける,バケル,5.上級前半,動詞2類,動詞-一般,和語
14221,運ぶ,ハコブ,3.中級前半,動詞1類,動詞-一般,和語
14225,挟まる,ハサマル,4.中級後半,動詞1類,動詞-一般,和語
14228,挟む,ハサム,4.中級後半,動詞1類,動詞-一般,和語
14237,はじき出す,ハジキダス,6.上級後半,動詞1類,動詞-一般,和語
14238,はじく,ハジク,6.上級後半,動詞1類,動詞-一般,和語
14239,はじける,ハジケル,5.上級前半,動詞2類,動詞-一般,和語
14243,始まる,ハジマル,2.初級後半,動詞1類,動詞-一般,和語
14248,始める,ハジメル,2.初級後半,動詞2類,動詞-非自立可能,和語
14250,はしゃぐ,ハシャグ,5.上級前半,動詞1類,動詞-一般,和語
14257,走り抜ける,ハシリヌケル,5.上級前半,動詞2類,動詞-一般,和語
14258,走り回る,ハシリマワル,4.中級後半,動詞1類,動詞-一般,和語
14259,走る,ハシル,2.初級後半,動詞1類,動詞-一般,和語
14260,恥じる,ハジル,5.上級前半,動詞2類,動詞-一般,和語
14267,外す,ハズス,3.中級前半,動詞1類,動詞-一般,和語
14273,弾む,ハズム,5.上級前半,動詞1類,動詞-一般,和語
14279,外れる,ハズレル,3.中級前半,動詞2類,動詞-一般,和語
14300,果たす,ハタス,5.上級前半,動詞1類,動詞-非自立可能,和語
14305,働かす,ハタラカス,4.中級後半,動詞1類,動詞-一般,和語
14307,働き掛ける,ハタラキカケル,5.上級前半,動詞2類,動詞-一般,和語
14311,働く,ハタラク,2.初級後半,動詞1類,動詞-一般,和語
14381,発する,ハッスル,5.上級前半,動詞3類,動詞-一般,混種語
14382,罰する,バッスル,5.上級前半,動詞3類,動詞-一般,混種語
14434,果てる,ハテル,5.上級前半,動詞2類,動詞-非自立可能,和語
14455,話し合う,ハナシアウ,3.中級前半,動詞1類,動詞-一般,和語
14456,話し掛ける,ハナシカケル,4.中級後半,動詞2類,動詞-一般,和語
14459,話し込む,ハナシコム,5.上級前半,動詞1類,動詞-一般,和語
14461,話す,ハナス,2.初級後半,動詞1類,動詞-一般,和語
14462,離す,ハナス,4.中級後半,動詞1類,動詞-一般,和語
14463,放す,ハナス,4.中級後半,動詞1類,動詞-一般,和語
14467,放つ,ハナツ,5.上級前半,動詞1類,動詞-一般,和語
14479,華やぐ,ハナヤグ,5.上級前半,動詞1類,動詞-一般,和語
14483,離れる,ハナレル,4.中級後半,動詞2類,動詞-一般,和語
14486,はにかむ,ハニカム,5.上級前半,動詞1類,動詞-一般,和語
14493,跳ね上がる,ハネアガル,5.上級前半,動詞1類,動詞-一般,和語
14494,跳ね返す,ハネカエス,5.上級前半,動詞1類,動詞-一般,和語
14495,はね付ける,ハネツケル,5.上級前半,動詞2類,動詞-一般,和語
14497,はねる,ハネル,5.上級前半,動詞2類,動詞-一般,和語
14498,跳ねる,ハネル,5.上級前半,動詞2類,動詞-一般,和語
14513,はびこる,ハビコル,6.上級後半,動詞1類,動詞-一般,和語
14516,省く,ハブク,4.中級後半,動詞1類,動詞-一般,和語
14525,はまる,ハマル,5.上級前半,動詞1類,動詞-一般,和語
14531,はめる,ハメル,5.上級前半,動詞2類,動詞-一般,和語
14545,生やす,ハヤス,4.中級後半,動詞1類,動詞-一般,和語
14549,早まる,ハヤマル,5.上級前半,動詞1類,動詞-一般,和語
14551,早める,ハヤメル,5.上級前半,動詞2類,動詞-一般,和語
14552,速める,ハヤメル,5.上級前半,動詞2類,動詞-一般,和語
14554,はやる,ハヤル,3.中級前半,動詞1類,動詞-一般,和語
14563,払い戻す,ハライモドス,4.中級後半,動詞1類,動詞-一般,和語
14564,払う,ハラウ,3.中級前半,動詞1類,動詞-一般,和語
14567,晴らす,ハラス,5.上級前半,動詞1類,動詞-一般,和語
14568,ばらす,バラス,5.上級前半,動詞1類,動詞-一般,和語
14572,腹立つ,ハラダツ,4.中級後半,動詞1類,動詞-一般,和語
14575,ばらつく,バラツク,5.上級前半,動詞1類,動詞-一般,和語
14583,ばらまく,バラマク,5.上級前半,動詞1類,動詞-一般,和語
14584,はらむ,ハラム,6.上級後半,動詞1類,動詞-一般,和語
14592,張り替える,ハリカエル,5.上級前半,動詞2類,動詞-一般,和語
14598,張り切る,ハリキル,4.中級後半,動詞1類,動詞-一般,和語
14601,張り出す,ハリダス,5.上級前半,動詞1類,動詞-一般,和語
14602,張り付ける,ハリツケル,5.上級前半,動詞2類,動詞-一般,和語
14606,張り巡らす,ハリメグラス,5.上級前半,動詞1類,動詞-一般,和語
14609,張る,ハル,3.中級前半,動詞1類,動詞-一般,和語
14623,晴れ上がる,ハレアガル,5.上級前半,動詞1類,動詞-一般,和語
14631,晴れる,ハレル,2.初級後半,動詞2類,動詞-一般,和語
14632,腫れる,ハレル,4.中級後半,動詞2類,動詞-一般,和語
14633,ばれる,バレル,4.中級後半,動詞2類,動詞-一般,和語
14707,反する,ハンスル,4.中級後半,動詞3類,動詞-一般,混種語
14809,冷え込む,ヒエコム,5.上級前半,動詞1類,動詞-一般,和語
14811,冷える,ヒエル,3.中級前半,動詞2類,動詞-一般,和語
14822,控える,ヒカエル,5.上級前半,動詞2類,動詞-一般,和語
14841,光る,ヒカル,3.中級前半,動詞1類,動詞-一般,和語
14848,引き合う,ヒキアウ,5.上級前半,動詞1類,動詞-一般,和語
14850,引き上げる,ヒキアゲル,4.中級後半,動詞2類,動詞-一般,和語
14851,率いる,ヒキイル,5.上級前半,動詞2類,動詞-一般,和語
14852,引き入れる,ヒキイレル,5.上級前半,動詞2類,動詞-一般,和語
14853,引き受ける,ヒキウケル,4.中級後半,動詞2類,動詞-一般,和語
14854,引き起こす,ヒキオコス,5.上級前半,動詞1類,動詞-一般,和語
14855,引き返す,ヒキカエス,4.中級後半,動詞1類,動詞-一般,和語
14858,引き込む,ヒキコム,5.上級前半,動詞1類,動詞-一般,和語
14859,引き下がる,ヒキサガル,5.上級前半,動詞1類,動詞-一般,和語
14860,引き裂く,ヒキサク,5.上級前半,動詞1類,動詞-一般,和語
14861,引き下げる,ヒキサゲル,5.上級前半,動詞2類,動詞-一般,和語
14863,引き締まる,ヒキシマル,5.上級前半,動詞1類,動詞-一般,和語
14864,引き締める,ヒキシメル,5.上級前半,動詞2類,動詞-一般,和語
14866,引き出す,ヒキダス,4.中級後半,動詞1類,動詞-一般,和語
14867,引き立てる,ヒキタテル,6.上級後半,動詞2類,動詞-一般,和語
14868,引き継ぐ,ヒキツグ,5.上級前半,動詞1類,動詞-一般,和語
14869,引き付ける,ヒキツケル,5.上級前半,動詞2類,動詞-一般,和語
14870,引き続く,ヒキツヅク,5.上級前半,動詞1類,動詞-一般,和語
14873,引き取る,ヒキトル,5.上級前半,動詞1類,動詞-一般,和語
14876,引き抜く,ヒキヌク,5.上級前半,動詞1類,動詞-一般,和語
14877,引き離す,ヒキハナス,5.上級前半,動詞1類,動詞-一般,和語
14880,引き寄せる,ヒキヨセル,5.上級前半,動詞2類,動詞-一般,和語
14882,引き分ける,ヒキワケル,4.中級後半,動詞2類,動詞-一般,和語
14884,引き渡す,ヒキワタス,5.上級前半,動詞1類,動詞-一般,和語
14885,引く,ヒク,2.初級後半,動詞1類,動詞-一般,和語
14886,弾く,ヒク,2.初級後半,動詞1類,動詞-一般,和語
14887,ひく,ヒク,4.中級後半,動詞1類,動詞-一般,和語
14888,ひく,ヒク,5.上級前半,動詞1類,動詞-一般,和語
14901,引ける,ヒケル,6.上級後半,動詞2類,動詞-一般,和語
14954,潜む,ヒソム,5.上級前半,動詞1類,動詞-一般,和語
14955,潜める,ヒソメル,5.上級前半,動詞2類,動詞-一般,和語
14960,浸す,ヒタス,5.上級前半,動詞1類,動詞-一般,和語
14974,浸る,ヒタル,5.上級前半,動詞1類,動詞-一般,和語
14982,引っ掛かる,ヒッカカル,4.中級後半,動詞1類,動詞-一般,和語
20083,引っ掻く,ヒッカク,6.上級後半,動詞1類,動詞-一般,和語
14983,引っ掛ける,ヒッカケル,5.上級前半,動詞2類,動詞-一般,和語
14990,引っ繰り返す,ヒックリカエス,4.中級後半,動詞1類,動詞-一般,和語
14993,引っ越す,ヒッコス,3.中級前半,動詞1類,動詞-一般,和語
14994,引っこ抜く,ヒッコヌク,5.上級前半,動詞1類,動詞-一般,和語
14996,引っ込む,ヒッコム,5.上級前半,動詞1類,動詞-一般,和語
14997,引っ込める,ヒッコメル,5.上級前半,動詞2類,動詞-一般,和語
15028,引っ張る,ヒッパル,4.中級後半,動詞1類,動詞-一般,和語
15114,ひねくれる,ヒネクレル,5.上級前半,動詞2類,動詞-一般,和語
15115,ひねる,ヒネル,5.上級前半,動詞2類,動詞-一般,和語
15129,響く,ヒビク,4.中級後半,動詞1類,動詞-一般,和語
15131,びびる,ビビル,5.上級前半,動詞1類,動詞-一般,和語
15146,秘める,ヒメル,5.上級前半,動詞2類,動詞-一般,和語
15159,冷やす,ヒヤス,3.中級前半,動詞1類,動詞-一般,和語
15238,開き直る,ヒラキナオル,5.上級前半,動詞1類,動詞-一般,和語
15239,開く,ヒラク,3.中級前半,動詞1類,動詞-一般,和語
15240,開ける,ヒラケル,4.中級後半,動詞2類,動詞-一般,和語
15247,ひらめく,ヒラメク,5.上級前半,動詞1類,動詞-一般,和語
15257,干る,ヒル,6.上級後半,動詞2類,動詞-一般,和語
15258,翻す,ヒルガエス,6.上級後半,動詞1類,動詞-一般,和語
15259,翻る,ヒルガエル,6.上級後半,動詞1類,動詞-一般,和語
15274,拾う,ヒロウ,3.中級前半,動詞1類,動詞-一般,和語
15278,広がる,ヒロガル,4.中級後半,動詞1類,動詞-一般,和語
15279,広げる,ヒロゲル,4.中級後半,動詞2類,動詞-一般,和語
15282,広まる,ヒロマル,4.中級後半,動詞1類,動詞-一般,和語
15283,広める,ヒロメル,4.中級後半,動詞2類,動詞-一般,和語
15392,封ずる,フウズル,6.上級後半,動詞3類,動詞-一般,混種語
15421,増える,フエル,3.中級前半,動詞2類,動詞-一般,和語
15446,深まる,フカマル,4.中級後半,動詞1類,動詞-一般,和語
15448,深める,フカメル,4.中級後半,動詞2類,動詞-一般,和語
15453,吹き上げる,フキアゲル,5.上級前半,動詞2類,動詞-一般,和語
15455,吹き返す,フキカエス,5.上級前半,動詞1類,動詞-一般,和語
15457,吹き込む,フキコム,5.上級前半,動詞1類,動詞-一般,和語
15460,吹き出す,フキダス,5.上級前半,動詞1類,動詞-一般,和語
15462,吹き飛ばす,フキトバス,5.上級前半,動詞1類,動詞-一般,和語
15463,吹き飛ぶ,フキトブ,5.上級前半,動詞1類,動詞-一般,和語
15464,拭き取る,フキトル,5.上級前半,動詞1類,動詞-一般,和語
15476,拭く,フク,3.中級前半,動詞1類,動詞-一般,和語
15477,吹く,フク,3.中級前半,動詞1類,動詞-一般,和語
15479,噴く,フク,5.上級前半,動詞1類,動詞-一般,和語
15498,服する,フクスル,5.上級前半,動詞3類,動詞-一般,混種語
15505,含む,フクム,4.中級後半,動詞1類,動詞-一般,和語
15506,含める,フクメル,4.中級後半,動詞2類,動詞-一般,和語
15511,膨らます,フクラマス,5.上級前半,動詞1類,動詞-一般,和語
15513,膨らむ,フクラム,5.上級前半,動詞1類,動詞-一般,和語
15514,膨れ上がる,フクレアガル,5.上級前半,動詞1類,動詞-一般,和語
15516,膨れる,フクレル,6.上級後半,動詞2類,動詞-一般,和語
15524,老ける,フケル,5.上級前半,動詞2類,動詞-一般,和語
15540,塞がる,フサガル,5.上級前半,動詞1類,動詞-一般,和語
15541,塞ぐ,フサグ,5.上級前半,動詞1類,動詞-一般,和語
15542,ふざける,フザケル,4.中級後半,動詞2類,動詞-一般,和語
15591,防ぐ,フセグ,4.中級後半,動詞1類,動詞-一般,和語
15593,伏せる,フセル,5.上級前半,動詞2類,動詞-一般,和語
15625,ぶち明ける,ブチアケル,6.上級後半,動詞2類,動詞-一般,和語
15626,ぶち込む,ブチコム,6.上級後半,動詞1類,動詞-一般,和語
15636,ぶつ,ブツ,4.中級後半,動詞1類,動詞-一般,和語
15642,ぶつかる,ブツカル,4.中級後半,動詞1類,動詞-一般,和語
15647,吹っ切れる,フッキレル,5.上級前半,動詞2類,動詞-一般,和語
15652,ぶつける,ブツケル,4.中級後半,動詞2類,動詞-一般,和語
15700,太る,フトル,3.中級前半,動詞1類,動詞-一般,和語
15732,踏まえる,フマエル,5.上級前半,動詞2類,動詞-一般,和語
15735,踏み入れる,フミイレル,5.上級前半,動詞2類,動詞-一般,和語
15736,踏み切る,フミキル,5.上級前半,動詞1類,動詞-一般,和語
15737,踏み込む,フミコム,5.上級前半,動詞1類,動詞-一般,和語
15739,踏み倒す,フミタオス,5.上級前半,動詞1類,動詞-一般,和語
15740,踏み出す,フミダス,5.上級前半,動詞1類,動詞-一般,和語
15744,踏む,フム,3.中級前半,動詞1類,動詞-一般,和語
15752,ふやける,フヤケル,5.上級前半,動詞2類,動詞-一般,和語
15753,増やす,フヤス,4.中級後半,動詞1類,動詞-一般,和語
15785,ぶら下がる,ブラサガル,5.上級前半,動詞1類,動詞-一般,和語
15786,ぶら下げる,ブラサゲル,5.上級前半,動詞2類,動詞-一般,和語
15827,振り返る,フリカエル,4.中級後半,動詞1類,動詞-一般,和語
15830,振り切る,フリキル,5.上級前半,動詞1類,動詞-一般,和語
15832,振り込む,フリコム,4.中級後半,動詞1類,動詞-一般,和語
15834,降り注ぐ,フリソソグ,5.上級前半,動詞1類,動詞-一般,和語
15837,振り払う,フリハラウ,5.上級前半,動詞1類,動詞-一般,和語
15840,振り回す,フリマワス,5.上級前半,動詞1類,動詞-一般,和語
15841,振り向く,フリムク,4.中級後半,動詞1類,動詞-一般,和語
15845,振り分ける,フリワケル,5.上級前半,動詞2類,動詞-一般,和語
15851,降る,フル,2.初級後半,動詞1類,動詞-一般,和語
15852,振る,フル,4.中級後半,動詞1類,動詞-一般,和語
15858,振るう,フルウ,5.上級前半,動詞1類,動詞-一般,和語
15863,震える,フルエル,4.中級後半,動詞2類,動詞-一般,和語
15872,古びる,フルビル,6.上級後半,動詞2類,動詞-一般,和語
15874,古ぼける,フルボケル,6.上級後半,動詞2類,動詞-一般,和語
15876,振る舞う,フルマウ,5.上級前半,動詞1類,動詞-一般,和語
15879,触れ合う,フレアウ,4.中級後半,動詞1類,動詞-一般,和語
15904,触れる,フレル,4.中級後半,動詞2類,動詞-一般,和語
15905,振れる,フレル,5.上級前半,動詞2類,動詞-一般,和語
15906,ぶれる,ブレル,5.上級前半,動詞2類,動詞-一般,和語
16006,踏ん張る,フンバル,5.上級前半,動詞1類,動詞-一般,和語
16100,へこむ,ヘコム,5.上級前半,動詞1類,動詞-一般,和語
16107,べた付く,ベタツク,6.上級後半,動詞1類,動詞-一般,和語
16108,隔てる,ヘダテル,5.上級前半,動詞2類,動詞-一般,和語
16157,減らす,ヘラス,4.中級後半,動詞1類,動詞-一般,和語
16166,減る,ヘル,3.中級前半,動詞1類,動詞-一般,和語
16167,経る,ヘル,5.上級前半,動詞2類,動詞-一般,和語
20090,報じる,ホウジル,6.上級後半,動詞2類,動詞-一般,混種語
16344,報ずる,ホウズル,5.上級前半,動詞3類,動詞-一般,混種語
16395,葬る,ホウムル,5.上級前半,動詞1類,動詞-一般,和語
16401,放り込む,ホウリコム,5.上級前半,動詞1類,動詞-一般,和語
20092,放り出す,ホウリダス,5.上級前半,動詞1類,動詞-一般,和語
16410,放る,ホウル,4.中級後半,動詞1類,動詞-一般,和語
16416,ほえる,ホエル,4.中級後半,動詞2類,動詞-一般,和語
16455,ほぐす,ホグス,5.上級前半,動詞1類,動詞-一般,和語
16461,ほぐれる,ホグレル,5.上級前半,動詞2類,動詞-一般,和語
16466,ぼける,ボケル,5.上級前半,動詞2類,動詞-一般,和語
16484,誇る,ホコル,5.上級前半,動詞1類,動詞-一般,和語
16514,干す,ホス,3.中級前半,動詞1類,動詞-一般,和語
16530,細める,ホソメル,5.上級前半,動詞2類,動詞-一般,和語
16531,細る,ホソル,6.上級後半,動詞1類,動詞-一般,和語
16553,欲する,ホッスル,5.上級前半,動詞3類,動詞-一般,和語
16554,没する,ボッスル,6.上級後半,動詞3類,動詞-一般,混種語
16559,ほったらかす,ホッタラカス,5.上級前半,動詞1類,動詞-一般,和語
16577,ほつれる,ホツレル,6.上級後半,動詞2類,動詞-一般,和語
16588,ほどく,ホドク,5.上級前半,動詞1類,動詞-一般,和語
16591,ほどける,ホドケル,5.上級前半,動詞2類,動詞-一般,和語
16592,施す,ホドコス,5.上級前半,動詞1類,動詞-一般,和語
16614,ほほえむ,ホホエム,4.中級後半,動詞1類,動詞-一般,和語
16615,褒める,ホメル,3.中級前半,動詞2類,動詞-一般,和語
16628,掘り起こす,ホリオコス,5.上級前半,動詞1類,動詞-一般,和語
16629,掘り下げる,ホリサゲル,5.上級前半,動詞2類,動詞-一般,和語
16631,掘り出す,ホリダス,5.上級前半,動詞1類,動詞-一般,和語
16637,掘る,ホル,4.中級後半,動詞1類,動詞-一般,和語
16636,彫る,ホル,5.上級前半,動詞1類,動詞-一般,和語
16648,ほれ込む,ホレコム,5.上級前半,動詞1類,動詞-一般,和語
16649,ほれる,ホレル,5.上級前半,動詞2類,動詞-一般,和語
16653,滅びる,ホロビル,5.上級前半,動詞2類,動詞-一般,和語
16654,滅ぶ,ホロブ,5.上級前半,動詞1類,動詞-一般,和語
16655,滅ぼす,ホロボス,5.上級前半,動詞1類,動詞-一般,和語
16759,舞い上がる,マイアガル,5.上級前半,動詞1類,動詞-一般,和語
16782,参る,マイル,3.中級前半,動詞1類,動詞-非自立可能,和語
16787,舞う,マウ,5.上級前半,動詞1類,動詞-一般,和語
16803,任す,マカス,5.上級前半,動詞1類,動詞-一般,和語
16804,任せる,マカセル,4.中級後半,動詞2類,動詞-一般,和語
16805,賄う,マカナウ,5.上級前半,動詞1類,動詞-一般,和語
16809,曲がる,マガル,3.中級前半,動詞1類,動詞-一般,和語
16813,巻き上げる,マキアゲル,6.上級後半,動詞2類,動詞-一般,和語
16814,巻き起こす,マキオコス,5.上級前半,動詞1類,動詞-一般,和語
16815,巻き込む,マキコム,5.上級前半,動詞1類,動詞-一般,和語
16821,紛れ込む,マギレコム,5.上級前半,動詞1類,動詞-一般,和語
16822,紛れる,マギレル,5.上級前半,動詞2類,動詞-一般,和語
16824,巻く,マク,4.中級後半,動詞1類,動詞-一般,和語
16825,まく,マク,5.上級前半,動詞1類,動詞-一般,和語
16831,まくる,マクル,6.上級後半,動詞1類,動詞-非自立可能,和語
16836,負け越す,マケコス,6.上級後半,動詞1類,動詞-一般,和語
16837,負ける,マケル,3.中級前半,動詞2類,動詞-一般,和語
16838,曲げる,マゲル,3.中級前半,動詞2類,動詞-一般,和語
16842,まごつく,マゴツク,5.上級前半,動詞1類,動詞-一般,和語
16851,勝る,マサル,5.上級前半,動詞1類,動詞-一般,和語
16852,混ざる,マザル,4.中級後半,動詞1類,動詞-一般,和語
16856,交える,マジエル,5.上級前半,動詞2類,動詞-一般,和語
16866,混じる,マジル,4.中級後半,動詞2類,動詞-一般,和語
16867,交じる,マジル,4.中級後半,動詞1類,動詞-一般,和語
16869,交わる,マジワル,5.上級前半,動詞1類,動詞-一般,和語
16871,増す,マス,4.中級後半,動詞1類,動詞-一般,和語
16892,交ぜる,マゼル,4.中級後半,動詞2類,動詞-一般,和語
16893,混ぜる,マゼル,4.中級後半,動詞2類,動詞-一般,和語
16901,またがる,マタガル,5.上級前半,動詞1類,動詞-一般,和語
16902,またぐ,マタグ,5.上級前半,動詞1類,動詞-一般,和語
16904,瞬く,マタタク,5.上級前半,動詞1類,動詞-一般,和語
16916,待ち合わせる,マチアワセル,3.中級前半,動詞2類,動詞-一般,和語
16917,待ち受ける,マチウケル,5.上級前半,動詞2類,動詞-一般,和語
16920,間違う,マチガウ,3.中級前半,動詞1類,動詞-非自立可能,和語
16921,間違える,マチガエル,3.中級前半,動詞2類,動詞-非自立可能,和語
16922,待ち構える,マチカマエル,5.上級前半,動詞2類,動詞-一般,和語
16923,待ち焦がれる,マチコガレル,5.上級前半,動詞2類,動詞-一般,和語
16928,待つ,マツ,1.初級前半,動詞1類,動詞-一般,和語
16963,祭る,マツル,5.上級前半,動詞1類,動詞-一般,和語
16972,まとまる,マトマル,4.中級後半,動詞1類,動詞-一般,和語
16975,まとめる,マトメル,4.中級後半,動詞2類,動詞-一般,和語
16979,惑わす,マドワス,5.上級前半,動詞1類,動詞-一般,和語
16985,学ぶ,マナブ,4.中級後半,動詞1類,動詞-一般,和語
16987,間に合う,マニアウ,3.中級前半,動詞1類,動詞-一般,和語
16992,免れる,マヌガレル,5.上級前半,動詞2類,動詞-一般,和語
17001,招く,マネク,4.中級後半,動詞1類,動詞-一般,和語
17002,まねる,マネル,4.中級後半,動詞2類,動詞-一般,和語
17007,まぶす,マブス,6.上級後半,動詞1類,動詞-一般,和語
17017,まみれる,マミレル,6.上級後半,動詞2類,動詞-一般,和語
17023,守る,マモル,3.中級前半,動詞1類,動詞-一般,和語
17028,迷う,マヨウ,3.中級前半,動詞1類,動詞-一般,和語
17050,丸まる,マルマル,5.上級前半,動詞1類,動詞-一般,和語
17053,丸める,マルメル,5.上級前半,動詞2類,動詞-一般,和語
17061,回す,マワス,4.中級後半,動詞1類,動詞-一般,和語
17068,回る,マワル,3.中級前半,動詞1類,動詞-非自立可能,和語
17116,見合う,ミアウ,4.中級後半,動詞1類,動詞-一般,和語
17117,見上げる,ミアゲル,4.中級後半,動詞2類,動詞-一般,和語
17118,見当たる,ミアタル,5.上級前半,動詞1類,動詞-一般,和語
17119,見合わせる,ミアワセル,5.上級前半,動詞2類,動詞-一般,和語
17121,見受ける,ミウケル,5.上級前半,動詞2類,動詞-一般,和語
17123,見失う,ミウシナウ,4.中級後半,動詞1類,動詞-一般,和語
17128,見える,ミエル,2.初級後半,動詞2類,動詞-一般,和語
17130,見送る,ミオクル,3.中級前半,動詞1類,動詞-一般,和語
17132,見落とす,ミオトス,5.上級前半,動詞1類,動詞-一般,和語
17134,見下ろす,ミオロス,4.中級後半,動詞1類,動詞-一般,和語
17138,見返す,ミカエス,5.上級前半,動詞1類,動詞-一般,和語
17142,磨く,ミガク,2.初級後半,動詞1類,動詞-一般,和語
17144,見掛ける,ミカケル,5.上級前半,動詞2類,動詞-一般,和語
17164,見切る,ミキル,5.上級前半,動詞1類,動詞-一般,和語
17165,見極める,ミキワメル,5.上級前半,動詞2類,動詞-一般,和語
17166,見下す,ミクダス,5.上級前半,動詞1類,動詞-一般,和語
17167,見比べる,ミクラベル,4.中級後半,動詞2類,動詞-一般,和語
17171,見越す,ミコス,5.上級前半,動詞1類,動詞-一般,和語
17174,見込む,ミコム,5.上級前半,動詞1類,動詞-一般,和語
17193,見据える,ミスエル,5.上級前半,動詞2類,動詞-一般,和語
17199,見過ごす,ミスゴス,5.上級前半,動詞1類,動詞-一般,和語
17207,見捨てる,ミステル,5.上級前半,動詞2類,動詞-一般,和語
17219,見せ掛ける,ミセカケル,5.上級前半,動詞2類,動詞-一般,和語
17224,見せる,ミセル,2.初級後半,動詞2類,動詞-非自立可能,和語
17225,魅せる,ミセル,5.上級前半,動詞2類,動詞-一般,和語
17233,満たす,ミタス,5.上級前半,動詞1類,動詞-一般,和語
17234,乱す,ミダス,5.上級前半,動詞1類,動詞-一般,和語
17235,見立てる,ミタテル,5.上級前半,動詞2類,動詞-一般,和語
17236,乱れる,ミダレル,5.上級前半,動詞2類,動詞-一般,和語
17240,見違える,ミチガエル,5.上級前半,動詞2類,動詞-一般,和語
17248,導く,ミチビク,5.上級前半,動詞1類,動詞-一般,和語
17249,満ちる,ミチル,5.上級前半,動詞2類,動詞-一般,和語
17252,満つ,ミツ,6.上級後半,動詞1類,動詞-一般,漢語
17255,見付かる,ミツカル,3.中級前半,動詞1類,動詞-一般,和語
17257,見付ける,ミツケル,3.中級前半,動詞2類,動詞-一般,和語
17269,見詰める,ミツメル,4.中級後半,動詞2類,動詞-一般,和語
17271,見積もる,ミツモル,5.上級前半,動詞1類,動詞-一般,和語
17276,見通す,ミトオス,5.上級前半,動詞1類,動詞-一般,和語
17278,見届ける,ミトドケル,5.上級前半,動詞2類,動詞-一般,和語
17279,認める,ミトメル,4.中級後半,動詞2類,動詞-一般,和語
17286,見直す,ミナオス,4.中級後半,動詞1類,動詞-一般,和語
17291,見なす,ミナス,5.上級前半,動詞1類,動詞-一般,和語
17301,見習う,ミナラウ,5.上級前半,動詞1類,動詞-一般,和語
17306,見抜く,ミヌク,5.上級前半,動詞1類,動詞-一般,和語
17309,見逃す,ミノガス,5.上級前半,動詞1類,動詞-一般,和語
17311,実る,ミノル,5.上級前半,動詞1類,動詞-一般,和語
20098,見計らう,ミハカラウ,6.上級後半,動詞1類,動詞-一般,和語
17315,見晴らす,ミハラス,6.上級後半,動詞1類,動詞-一般,和語
17316,見張る,ミハル,5.上級前半,動詞1類,動詞-一般,和語
17323,見舞う,ミマウ,5.上級前半,動詞1類,動詞-一般,和語
17324,見守る,ミマモル,4.中級後半,動詞1類,動詞-一般,和語
17325,見回す,ミマワス,4.中級後半,動詞1類,動詞-一般,和語
17338,見破る,ミヤブル,5.上級前半,動詞1類,動詞-一般,和語
17364,見る,ミル,1.初級前半,動詞2類,動詞-非自立可能,和語
17371,見分ける,ミワケル,5.上級前半,動詞2類,動詞-一般,和語
17372,見渡す,ミワタス,4.中級後半,動詞1類,動詞-一般,和語
17410,向かい合う,ムカイアウ,4.中級後半,動詞1類,動詞-一般,和語
17413,向かう,ムカウ,4.中級後半,動詞1類,動詞-一般,和語
17414,迎え入れる,ムカエイレル,5.上級前半,動詞2類,動詞-一般,和語
17415,迎える,ムカエル,3.中級前半,動詞2類,動詞-一般,和語
17419,むかつく,ムカツク,4.中級後半,動詞1類,動詞-一般,和語
17436,むく,ムク,4.中級後半,動詞1類,動詞-一般,和語
17437,向く,ムク,4.中級後半,動詞1類,動詞-一般,和語
17440,報いる,ムクイル,5.上級前半,動詞2類,動詞-一般,和語
17443,むくむ,ムクム,6.上級後半,動詞1類,動詞-一般,和語
17446,向ける,ムケル,4.中級後半,動詞2類,動詞-一般,和語
17456,貪る,ムサボル,6.上級後半,動詞1類,動詞-一般,和語
17464,蒸し返す,ムシカエス,5.上級前半,動詞1類,動詞-一般,和語
17491,蒸す,ムス,4.中級後半,動詞1類,動詞-一般,和語
17497,結び付く,ムスビツク,5.上級前半,動詞1類,動詞-一般,和語
17500,結ぶ,ムスブ,4.中級後半,動詞1類,動詞-一般,和語
17537,群がる,ムラガル,5.上級前半,動詞1類,動詞-一般,和語
17541,蒸らす,ムラス,5.上級前半,動詞1類,動詞-一般,和語
17548,蒸れる,ムレル,5.上級前半,動詞2類,動詞-一般,和語
17549,群れる,ムレル,5.上級前半,動詞2類,動詞-一般,和語
17594,命ずる,メイズル,5.上級前半,動詞3類,動詞-一般,漢語
17632,恵まれる,メグマレル,4.中級後半,動詞2類,動詞-一般,和語
17634,巡らす,メグラス,5.上級前半,動詞1類,動詞-一般,和語
17636,巡り会う,メグリアウ,5.上級前半,動詞1類,動詞-一般,和語
17637,めくる,メクル,5.上級前半,動詞1類,動詞-一般,和語
17638,巡る,メグル,5.上級前半,動詞1類,動詞-一般,和語
17639,めげる,メゲル,5.上級前半,動詞2類,動詞-一般,和語
17641,目指す,メザス,4.中級後半,動詞1類,動詞-一般,和語
17646,目覚める,メザメル,4.中級後半,動詞2類,動詞-一般,和語
17649,召し上がる,メシアガル,3.中級前半,動詞1類,動詞-一般,和語
17657,召す,メス,5.上級前半,動詞1類,動詞-一般,和語
17660,目立つ,メダツ,4.中級後半,動詞1類,動詞-一般,和語
17684,芽生える,メバエル,5.上級前半,動詞2類,動詞-一般,和語
17711,面する,メンスル,5.上級前半,動詞3類,動詞-一般,混種語
17738,もうかる,モウカル,4.中級後半,動詞1類,動詞-一般,和語
17741,もうける,モウケル,4.中級後半,動詞2類,動詞-一般,和語
17740,設ける,モウケル,5.上級前半,動詞2類,動詞-一般,和語
17742,申し上げる,モウシアゲル,3.中級前半,動詞2類,動詞-一般,和語
17743,申し入れる,モウシイレル,5.上級前半,動詞2類,動詞-一般,和語
17745,申し込む,モウシコム,3.中級前半,動詞1類,動詞-一般,和語
17747,申し立てる,モウシタテル,5.上級前半,動詞2類,動詞-一般,和語
17749,申し出る,モウシデル,5.上級前半,動詞2類,動詞-一般,和語
17755,申す,モウス,3.中級前半,動詞1類,動詞-一般,和語
17769,燃え上がる,モエアガル,4.中級後半,動詞1類,動詞-一般,和語
17770,燃え尽きる,モエツキル,5.上級前半,動詞2類,動詞-一般,和語
17771,燃え広がる,モエヒロガル,4.中級後半,動詞1類,動詞-一般,和語
17772,燃える,モエル,3.中級前半,動詞2類,動詞-一般,和語
17780,もがく,モガク,5.上級前半,動詞1類,動詞-一般,和語
17782,もぎ取る,モギトル,6.上級後半,動詞1類,動詞-一般,和語
17802,潜る,モグル,5.上級前半,動詞1類,動詞-一般,和語
17819,持たす,モタス,4.中級後半,動詞1類,動詞-一般,和語
17822,もたらす,モタラス,5.上級前半,動詞1類,動詞-一般,和語
17823,もたれる,モタレル,5.上級前半,動詞2類,動詞-一般,和語
17828,持ち上がる,モチアガル,4.中級後半,動詞1類,動詞-一般,和語
17829,持ち上げる,モチアゲル,4.中級後半,動詞2類,動詞-一般,和語
17831,持ち合わせる,モチアワセル,5.上級前半,動詞2類,動詞-一般,和語
17836,用いる,モチイル,4.中級後半,動詞2類,動詞-一般,和語
17838,持ち帰る,モチカエル,4.中級後半,動詞1類,動詞-一般,和語
17839,持ち掛ける,モチカケル,5.上級前半,動詞2類,動詞-一般,和語
17841,持ち越す,モチコス,5.上級前半,動詞1類,動詞-一般,和語
17842,持ち込む,モチコム,4.中級後半,動詞1類,動詞-一般,和語
17844,持ち出す,モチダス,4.中級後半,動詞1類,動詞-一般,和語
17849,持ち運ぶ,モチハコブ,4.中級後半,動詞1類,動詞-一般,和語
17856,持つ,モツ,2.初級後半,動詞1類,動詞-一般,和語
17872,持て余す,モテアマス,5.上級前半,動詞1類,動詞-一般,和語
17873,もてなす,モテナス,5.上級前半,動詞1類,動詞-一般,和語
17874,もてはやす,モテハヤス,5.上級前半,動詞1類,動詞-一般,和語
17875,もてる,モテル,4.中級後半,動詞2類,動詞-一般,和語
17884,戻す,モドス,3.中級前半,動詞1類,動詞-一般,和語
17886,基づく,モトヅク,4.中級後半,動詞1類,動詞-一般,和語
17888,求める,モトメル,4.中級後半,動詞2類,動詞-一般,和語
17892,戻る,モドル,3.中級前半,動詞1類,動詞-一般,和語
17909,物語る,モノガタル,5.上級前半,動詞1類,動詞-一般,和語
17926,もむ,モム,4.中級後半,動詞1類,動詞-一般,和語
17927,もめる,モメル,5.上級前半,動詞2類,動詞-一般,和語
17933,燃やす,モヤス,3.中級前半,動詞1類,動詞-一般,和語
17936,催す,モヨオス,5.上級前半,動詞1類,動詞-一般,和語
17939,もらう,モラウ,2.初級後半,動詞1類,動詞-非自立可能,和語
17940,漏らす,モラス,5.上級前半,動詞1類,動詞-一般,和語
17944,盛り上がる,モリアガル,4.中級後半,動詞1類,動詞-一般,和語
17945,盛り上げる,モリアゲル,4.中級後半,動詞2類,動詞-一般,和語
17947,盛り込む,モリコム,5.上級前半,動詞1類,動詞-一般,和語
17949,盛る,モル,4.中級後半,動詞1類,動詞-一般,和語
17951,漏れる,モレル,5.上級前半,動詞2類,動詞-一般,和語
17996,焼き上げる,ヤキアゲル,4.中級後半,動詞2類,動詞-一般,和語
17997,焼き切る,ヤキキル,5.上級前半,動詞1類,動詞-一般,和語
17999,焼き付ける,ヤキツケル,6.上級後半,動詞2類,動詞-一般,和語
18001,焼き払う,ヤキハラウ,5.上級前半,動詞1類,動詞-一般,和語
18009,焼く,ヤク,3.中級前半,動詞1類,動詞-一般,和語
18022,訳す,ヤクス,4.中級後半,動詞1類,動詞-一般,混種語
18025,役立つ,ヤクダツ,3.中級前半,動詞1類,動詞-一般,混種語
18026,役立てる,ヤクダテル,4.中級後半,動詞2類,動詞-一般,混種語
18041,焼ける,ヤケル,3.中級前半,動詞2類,動詞-一般,和語
18051,養う,ヤシナウ,5.上級前半,動詞1類,動詞-一般,和語
18063,休む,ヤスム,1.初級前半,動詞1類,動詞-一般,和語
18065,休める,ヤスメル,4.中級後半,動詞2類,動詞-一般,和語
18072,やせる,ヤセル,3.中級前半,動詞2類,動詞-一般,和語
18081,やっつける,ヤッツケル,5.上級前半,動詞2類,動詞-一般,和語
18085,やつれる,ヤツレル,5.上級前半,動詞2類,動詞-一般,和語
18088,雇う,ヤトウ,4.中級後半,動詞1類,動詞-一般,和語
18090,宿る,ヤドル,5.上級前半,動詞1類,動詞-一般,和語
18100,破く,ヤブク,4.中級後半,動詞1類,動詞-一般,和語
18101,破る,ヤブル,4.中級後半,動詞1類,動詞-一般,和語
18102,敗れる,ヤブレル,4.中級後半,動詞2類,動詞-一般,和語
18103,破れる,ヤブレル,4.中級後半,動詞2類,動詞-一般,和語
18126,やむ,ヤム,3.中級前半,動詞1類,動詞-一般,和語
18127,病む,ヤム,5.上級前半,動詞1類,動詞-一般,和語
18129,やめる,ヤメル,3.中級前半,動詞2類,動詞-一般,和語
18130,辞める,ヤメル,3.中級前半,動詞2類,動詞-一般,和語
18133,やらかす,ヤラカス,6.上級後半,動詞1類,動詞-一般,和語
18139,やる,ヤル,3.中級前半,動詞1類,動詞-非自立可能,和語
18145,和らぐ,ヤワラグ,5.上級前半,動詞1類,動詞-一般,和語
18146,和らげる,ヤワラゲル,5.上級前半,動詞2類,動詞-一般,和語
18159,結う,ユウ,5.上級前半,動詞1類,動詞-一般,和語
18207,有する,ユウスル,5.上級前半,動詞3類,動詞-一般,混種語
18267,ゆがむ,ユガム,5.上級前半,動詞1類,動詞-一般,和語
18275,行き過ぎる,ユキスギル,4.中級後半,動詞2類,動詞-一般,和語
18287,揺さぶる,ユサブル,5.上級前半,動詞1類,動詞-一般,和語
18292,ゆすぐ,ユスグ,5.上級前半,動詞1類,動詞-一般,和語
18294,譲り受ける,ユズリウケル,5.上級前半,動詞2類,動詞-一般,和語
18295,譲り渡す,ユズリワタス,5.上級前半,動詞1類,動詞-一般,和語
18296,揺する,ユスル,5.上級前半,動詞1類,動詞-一般,和語
18297,譲る,ユズル,4.中級後半,動詞1類,動詞-一般,和語
18301,ゆだねる,ユダネル,5.上級前半,動詞2類,動詞-一般,和語
18310,ゆでる,ユデル,4.中級後半,動詞2類,動詞-一般,和語
18324,指差す,ユビサス,4.中級後半,動詞1類,動詞-一般,和語
18333,夢見る,ユメミル,4.中級後半,動詞2類,動詞-一般,和語
18335,揺らぐ,ユラグ,5.上級前半,動詞1類,動詞-一般,和語
18336,揺らす,ユラス,5.上級前半,動詞1類,動詞-一般,和語
18340,許す,ユルス,4.中級後半,動詞1類,動詞-一般,和語
18341,緩む,ユルム,5.上級前半,動詞1類,動詞-一般,和語
18342,緩める,ユルメル,5.上級前半,動詞2類,動詞-一般,和語
18345,揺れる,ユレル,4.中級後半,動詞2類,動詞-一般,和語
18362,酔う,ヨウ,3.中級前半,動詞1類,動詞-一般,和語
18412,要する,ヨウスル,5.上級前半,動詞3類,動詞-一般,混種語
18455,よぎる,ヨギル,6.上級後半,動詞1類,動詞-一般,和語
18476,欲張る,ヨクバル,4.中級後半,動詞1類,動詞-一般,混種語
18482,よける,ヨケル,4.中級後半,動詞2類,動詞-一般,和語
18487,横切る,ヨコギル,4.中級後半,動詞1類,動詞-一般,和語
18490,汚す,ヨゴス,3.中級前半,動詞1類,動詞-一般,和語
18491,横たわる,ヨコタワル,4.中級後半,動詞1類,動詞-一般,和語
18501,汚れる,ヨゴレル,3.中級前半,動詞2類,動詞-一般,和語
18509,よす,ヨス,4.中級後半,動詞1類,動詞-一般,和語
18513,寄せ付ける,ヨセツケル,5.上級前半,動詞2類,動詞-一般,和語
18515,寄せる,ヨセル,4.中級後半,動詞2類,動詞-一般,和語
18521,装う,ヨソオウ,5.上級前半,動詞1類,動詞-一般,和語
18537,酔っ払う,ヨッパラウ,3.中級前半,動詞1類,動詞-一般,和語
18550,呼び起こす,ヨビオコス,5.上級前半,動詞1類,動詞-一般,和語
18551,呼び掛ける,ヨビカケル,4.中級後半,動詞2類,動詞-一般,和語
18554,呼び込む,ヨビコム,5.上級前半,動詞1類,動詞-一般,和語
18558,呼び出す,ヨビダス,4.中級後半,動詞1類,動詞-一般,和語
18560,呼び止める,ヨビトメル,4.中級後半,動詞2類,動詞-一般,和語
18562,呼び戻す,ヨビモドス,5.上級前半,動詞1類,動詞-一般,和語
18563,呼ぶ,ヨブ,2.初級後半,動詞1類,動詞-一般,和語
18572,読み上げる,ヨミアゲル,5.上級前半,動詞2類,動詞-一般,和語
18573,読み返す,ヨミカエス,5.上級前半,動詞1類,動詞-一般,和語
18575,よみがえる,ヨミガエル,5.上級前半,動詞1類,動詞-一般,和語
18578,読み込む,ヨミコム,5.上級前半,動詞1類,動詞-一般,和語
18582,読み取る,ヨミトル,4.中級後半,動詞1類,動詞-一般,和語
18584,読む,ヨム,1.初級前半,動詞1類,動詞-一般,和語
18594,寄り掛かる,ヨリカカル,5.上級前半,動詞1類,動詞-一般,和語
18595,寄り添う,ヨリソウ,5.上級前半,動詞1類,動詞-一般,和語
18602,寄る,ヨル,3.中級前半,動詞1類,動詞-一般,和語
18598,よる,ヨル,4.中級後半,動詞1類,動詞-一般,和語
18601,因る,ヨル,4.中級後半,動詞1類,動詞-一般,和語
18609,喜ぶ,ヨロコブ,3.中級前半,動詞1類,動詞-一般,和語
18622,弱まる,ヨワマル,4.中級後半,動詞1類,動詞-一般,和語
18626,弱める,ヨワメル,4.中級後半,動詞2類,動詞-一般,和語
18628,弱る,ヨワル,5.上級前半,動詞1類,動詞-一般,和語
18823,略す,リャクス,5.上級前半,動詞1類,動詞-一般,和語
20103,論じる,ロンジル,5.上級前半,動詞2類,動詞-一般,混種語
19162,論ずる,ロンズル,5.上級前半,動詞3類,動詞-一般,混種語
19196,沸かす,ワカス,3.中級前半,動詞1類,動詞-一般,和語
19204,分かる,ワカル,1.初級前半,動詞1類,動詞-一般,和語
19208,別れる,ワカレル,3.中級前半,動詞2類,動詞-一般,和語
19209,分かれる,ワカレル,3.中級前半,動詞2類,動詞-一般,和語
19212,湧き上がる,ワキアガル,5.上級前半,動詞1類,動詞-一般,和語
19215,わきまえる,ワキマエル,6.上級後半,動詞2類,動詞-一般,和語
19220,沸く,ワク,3.中級前半,動詞1類,動詞-一般,和語
19219,湧く,ワク,4.中級後半,動詞1類,動詞-一般,和語
19231,分ける,ワケル,3.中級前半,動詞2類,動詞-一般,和語
19252,患う,ワズラウ,5.上級前半,動詞1類,動詞-一般,和語
19255,忘れる,ワスレル,2.初級後半,動詞2類,動詞-非自立可能,和語
19265,渡す,ワタス,3.中級前半,動詞1類,動詞-一般,和語
19267,渡り歩く,ワタリアルク,5.上級前半,動詞1類,動詞-一般,和語
19269,渡る,ワタル,3.中級前半,動詞1類,動詞-非自立可能,和語
19277,わびる,ワビル,5.上級前半,動詞2類,動詞-一般,和語
19282,わめく,ワメク,6.上級後半,動詞1類,動詞-一般,和語
19289,笑う,ワラウ,3.中級前半,動詞1類,動詞-一般,和語
19296,割り当てる,ワリアテル,5.上級前半,動詞2類,動詞-一般,和語
19298,割り切る,ワリキル,5.上級前半,動詞1類,動詞-一般,和語
19299,割り込む,ワリコム,5.上級前半,動詞1類,動詞-一般,和語
19302,割り出す,ワリダス,5.上級前半,動詞1類,動詞-一般,和語
19307,割り引く,ワリビク,4.中級後半,動詞1類,動詞-一般,和語
19309,割る,ワル,3.中級前半,動詞1類,動詞-一般,和語
19322,割れる,ワレル,3.中級前半,動詞2類,動詞-一般,和語
